{
  "source_file": "kodim08_OG_PNG_768_FB2.jpg",
  "format": "JPEG",
  "resolution": "768x512",
  "pixels": 393216,
  "file_size_bytes": 182071,
  "bpp": 3.704,
  "correlations": {
    "R_G": 0.96878,
    "R_B": 0.920941,
    "G_B": 0.975305,
    "avg_abs_r": 0.955
  },
  "PC1_pct": 97.12,
  "PC2_pct": 2.52,
  "PC3_pct": 0.36,
  "eigenvalues": {
    "PC1": 11286.4047,
    "PC2": 293.2079,
    "PC3": 41.9541
  },
  "condition_number": 269.02,
  "theta2": 46.31,
  "theta3": 44.33,
  "loo_dev": 0.21,
  "spatial_autocorrelation_avg": 0.897164,
  "sha256": "1d4bca8bcbbb63da3735e7e8d300254714d7ee69248ddb4d29c89c2b883e4a02"
}
