{
  "source_file": "kodim20_OG_PNG_768_FB2.jpg",
  "format": "JPEG",
  "resolution": "768x512",
  "pixels": 393216,
  "file_size_bytes": 87729,
  "bpp": 1.785,
  "correlations": {
    "R_G": 0.995827,
    "R_B": 0.960066,
    "G_B": 0.97726,
    "avg_abs_r": 0.9777
  },
  "PC1_pct": 98.49,
  "PC2_pct": 1.46,
  "PC3_pct": 0.05,
  "eigenvalues": {
    "PC1": 22986.6148,
    "PC2": 341.2495,
    "PC3": 12.1174
  },
  "condition_number": 1897.0,
  "theta2": 24.48,
  "theta3": 22.54,
  "loo_dev": 0.33,
  "spatial_autocorrelation_avg": 0.98898,
  "sha256": "99816994ddfb750d04e35f8f4193836cb2738c1c15cde7bb61b759f87d199fcd"
}
