{
  "source_file": "kodim22_OG_PNG_768_FB2.jpg",
  "format": "JPEG",
  "resolution": "768x512",
  "pixels": 393216,
  "file_size_bytes": 132571,
  "bpp": 2.697,
  "correlations": {
    "R_G": 0.876805,
    "R_B": 0.808787,
    "G_B": 0.879395,
    "avg_abs_r": 0.855
  },
  "PC1_pct": 90.18,
  "PC2_pct": 6.78,
  "PC3_pct": 3.04,
  "eigenvalues": {
    "PC1": 5211.5296,
    "PC2": 392.0364,
    "PC3": 175.412
  },
  "condition_number": 29.71,
  "theta2": 39.28,
  "theta3": 37.34,
  "loo_dev": 0.27,
  "spatial_autocorrelation_avg": 0.954362,
  "sha256": "6c37f484e9c96e5d10f3f58ff14690d2970ec859ae9c9b39ec429f9b3ef924a5"
}
