{
  "source_file": "kodim17_GRN_SPDR_J.jpg",
  "format": "JPEG",
  "resolution": "1707x2560",
  "pixels": 4369920,
  "file_size_bytes": 3167667,
  "bpp": 5.799,
  "correlations": {
    "R_G": -0.105957,
    "R_B": 0.968132,
    "G_B": -0.101188,
    "avg_abs_r": 0.3918
  },
  "PC1_pct": 82.82,
  "PC2_pct": 16.9,
  "PC3_pct": 0.28,
  "eigenvalues": {
    "PC1": 3976.2145,
    "PC2": 811.5811,
    "PC3": 13.3075
  },
  "condition_number": 298.8,
  "theta2": 69.22,
  "theta3": 50.88,
  "loo_dev": -16.24,
  "spatial_autocorrelation_avg": 0.99367,
  "sha256": "9c5424b2afedc28452615946073f995fd69eefe89d1f034123e5177e0c80cb4f"
}
