{
  "source_file": "kodim14_GRN_SPDR_J.jpg",
  "format": "JPEG",
  "resolution": "2560x1707",
  "pixels": 4369920,
  "file_size_bytes": 3591127,
  "bpp": 6.574,
  "correlations": {
    "R_G": -0.0365,
    "R_B": 0.950192,
    "G_B": -0.030265,
    "avg_abs_r": 0.339
  },
  "PC1_pct": 62.4,
  "PC2_pct": 36.76,
  "PC3_pct": 0.84,
  "eigenvalues": {
    "PC1": 2130.4412,
    "PC2": 1255.1568,
    "PC3": 28.8073
  },
  "condition_number": 73.95,
  "theta2": 77.96,
  "theta3": 57.35,
  "loo_dev": -18.55,
  "spatial_autocorrelation_avg": 0.990434,
  "sha256": "ae343e3d6bf5e956319dbd54c4ea868617cabc6cde8d631ceeb6fd801a94cf25"
}
