{
  "source_file": "kodim07_RED_SPDR_J.jpg",
  "format": "JPEG",
  "resolution": "2560x1707",
  "pixels": 4369920,
  "file_size_bytes": 2820734,
  "bpp": 5.164,
  "correlations": {
    "R_G": -0.290521,
    "R_B": -0.235875,
    "G_B": 0.943728,
    "avg_abs_r": 0.49
  },
  "PC1_pct": 74.9,
  "PC2_pct": 23.13,
  "PC3_pct": 1.97,
  "eigenvalues": {
    "PC1": 4188.9443,
    "PC2": 1293.4916,
    "PC3": 110.3584
  },
  "condition_number": 37.96,
  "theta2": 79.16,
  "theta3": 73.61,
  "loo_dev": -3.49,
  "spatial_autocorrelation_avg": 0.995949,
  "sha256": "c45065c9bccf63f49ed4caabd639bc0f206132a78cb668f2150f66b91767343e"
}
