{
  "source_file": "kodim12_BLU_SPDR_J.jpg",
  "format": "JPEG",
  "resolution": "2560x1707",
  "pixels": 4369920,
  "file_size_bytes": 2692753,
  "bpp": 4.93,
  "correlations": {
    "R_G": 0.920222,
    "R_B": -0.169067,
    "G_B": -0.096709,
    "avg_abs_r": 0.3953
  },
  "PC1_pct": 87.89,
  "PC2_pct": 9.07,
  "PC3_pct": 3.04,
  "eigenvalues": {
    "PC1": 2276.3792,
    "PC2": 235.0485,
    "PC3": 78.7454
  },
  "condition_number": 28.91,
  "theta2": 43.96,
  "theta3": 22.12,
  "loo_dev": -19.64,
  "spatial_autocorrelation_avg": 0.992175,
  "sha256": "8d16e8c4c99a0c3b18df5e8e9cf4267512f52d9244d9964763d45c8ff2c07d8c"
}
