{
  "source_file": "kodim17_BLU_SPDR_J.jpg",
  "format": "JPEG",
  "resolution": "1707x2560",
  "pixels": 4369920,
  "file_size_bytes": 2379111,
  "bpp": 4.355,
  "correlations": {
    "R_G": 0.967369,
    "R_B": -0.204067,
    "G_B": -0.132673,
    "avg_abs_r": 0.4347
  },
  "PC1_pct": 72.9,
  "PC2_pct": 26.68,
  "PC3_pct": 0.42,
  "eigenvalues": {
    "PC1": 4937.3077,
    "PC2": 1807.0149,
    "PC3": 28.6793
  },
  "condition_number": 172.16,
  "theta2": 65.48,
  "theta3": 11.29,
  "loo_dev": -52.08,
  "spatial_autocorrelation_avg": 0.996509,
  "sha256": "3d6dfda84a584c086036465c94cb5c67f11769def8813c2bb8560a18c0886212"
}
