{
  "source_file": "kodim04_BLU_SPDR_J.jpg",
  "format": "JPEG",
  "resolution": "1707x2560",
  "pixels": 4369920,
  "file_size_bytes": 2993202,
  "bpp": 5.48,
  "correlations": {
    "R_G": 0.903882,
    "R_B": 0.180391,
    "G_B": -0.176513,
    "avg_abs_r": 0.4203
  },
  "PC1_pct": 87.98,
  "PC2_pct": 10.98,
  "PC3_pct": 1.03,
  "eigenvalues": {
    "PC1": 2862.7119,
    "PC2": 357.3794,
    "PC3": 33.6126
  },
  "condition_number": 85.17,
  "theta2": 40.02,
  "theta3": 29.23,
  "loo_dev": -8.58,
  "spatial_autocorrelation_avg": 0.994936,
  "sha256": "221199064b859b6d244937660429d1380cdd9a4f722506c07e6ecfc3a37e94b2"
}
