{
  "source_file": "kodim18_BLU_SPDR_J.jpg",
  "format": "JPEG",
  "resolution": "1707x2560",
  "pixels": 4369920,
  "file_size_bytes": 3994016,
  "bpp": 7.312,
  "correlations": {
    "R_G": 0.91613,
    "R_B": 0.189072,
    "G_B": 0.091811,
    "avg_abs_r": 0.399
  },
  "PC1_pct": 66.12,
  "PC2_pct": 31.23,
  "PC3_pct": 2.65,
  "eigenvalues": {
    "PC1": 5365.1571,
    "PC2": 2533.9203,
    "PC3": 215.4287
  },
  "condition_number": 24.9,
  "theta2": 24.93,
  "theta3": 4.21,
  "loo_dev": -18.45,
  "spatial_autocorrelation_avg": 0.992513,
  "sha256": "bb618c48f9022c2c25c780bcf5923ef00280b9f1f9540932a3da82c441df61af"
}
