{
  "source_file": "kodim04_RED_SPDR_J.jpg",
  "format": "JPEG",
  "resolution": "1707x2560",
  "pixels": 4369920,
  "file_size_bytes": 2757838,
  "bpp": 5.049,
  "correlations": {
    "R_G": 0.160433,
    "R_B": 0.060815,
    "G_B": 0.972581,
    "avg_abs_r": 0.3979
  },
  "PC1_pct": 86.99,
  "PC2_pct": 12.06,
  "PC3_pct": 0.95,
  "eigenvalues": {
    "PC1": 2032.0901,
    "PC2": 281.7729,
    "PC3": 22.1931
  },
  "condition_number": 91.56,
  "theta2": 65.46,
  "theta3": 59.54,
  "loo_dev": -3.81,
  "spatial_autocorrelation_avg": 0.98647,
  "sha256": "89f0bdeb3e92c373280674e553bb86acaa3eb870d2488ebdf44b93aeffe3729a"
}
