{
  "source_file": "kodim18_GRN_SPDR_J.jpg",
  "format": "JPEG",
  "resolution": "1707x2560",
  "pixels": 4369920,
  "file_size_bytes": 3918196,
  "bpp": 7.173,
  "correlations": {
    "R_G": 0.182798,
    "R_B": 0.947421,
    "G_B": 0.211847,
    "avg_abs_r": 0.4474
  },
  "PC1_pct": 84.89,
  "PC2_pct": 14.7,
  "PC3_pct": 0.41,
  "eigenvalues": {
    "PC1": 1801.7283,
    "PC2": 312.0354,
    "PC3": 8.7284
  },
  "condition_number": 206.42,
  "theta2": 62.74,
  "theta3": 50.34,
  "loo_dev": -10.28,
  "spatial_autocorrelation_avg": 0.939284,
  "sha256": "cf04191f29a27ba17c10de69916038ea5ff6a9dcc598233e362097948b7757c0"
}
