{
  "source_file": "kodim18_RED_SPDR_J.jpg",
  "format": "JPEG",
  "resolution": "1707x2560",
  "pixels": 4369920,
  "file_size_bytes": 3920328,
  "bpp": 7.177,
  "correlations": {
    "R_G": 0.089181,
    "R_B": 0.138147,
    "G_B": 0.984816,
    "avg_abs_r": 0.404
  },
  "PC1_pct": 94.93,
  "PC2_pct": 4.42,
  "PC3_pct": 0.65,
  "eigenvalues": {
    "PC1": 4263.9169,
    "PC2": 198.6634,
    "PC3": 29.0357
  },
  "condition_number": 146.85,
  "theta2": 81.7,
  "theta3": 77.18,
  "loo_dev": -2.47,
  "spatial_autocorrelation_avg": 0.966865,
  "sha256": "f1c47b9ce3d53f650f25b9ef8761d4261b90fc86095a07fbbb39e355a1dbba58"
}
