{
  "source_file": "kodim05_BLU_SPDR_J.jpg",
  "format": "JPEG",
  "resolution": "2560x1707",
  "pixels": 4369920,
  "file_size_bytes": 4038544,
  "bpp": 7.393,
  "correlations": {
    "R_G": 0.932474,
    "R_B": -0.040146,
    "G_B": 0.025054,
    "avg_abs_r": 0.3326
  },
  "PC1_pct": 94.37,
  "PC2_pct": 3.37,
  "PC3_pct": 2.27,
  "eigenvalues": {
    "PC1": 4102.9324,
    "PC2": 146.3605,
    "PC3": 98.5557
  },
  "condition_number": 41.63,
  "theta2": 78.14,
  "theta3": 65.67,
  "loo_dev": -10.41,
  "spatial_autocorrelation_avg": 0.976744,
  "sha256": "b9efffa83a306079a85d9efb4588f18fdb49c30e1aa0d1de95a100316a2ac1eb"
}
