{
  "source_file": "kodim23_BLU_SPDR_J.jpg",
  "format": "JPEG",
  "resolution": "2560x1707",
  "pixels": 4369920,
  "file_size_bytes": 2588115,
  "bpp": 4.738,
  "correlations": {
    "R_G": 0.938005,
    "R_B": 0.196709,
    "G_B": 0.174855,
    "avg_abs_r": 0.4365
  },
  "PC1_pct": 90.99,
  "PC2_pct": 6.15,
  "PC3_pct": 2.86,
  "eigenvalues": {
    "PC1": 5078.0831,
    "PC2": 343.2832,
    "PC3": 159.423
  },
  "condition_number": 31.85,
  "theta2": 32.3,
  "theta3": 8.09,
  "loo_dev": -21.97,
  "spatial_autocorrelation_avg": 0.994091,
  "sha256": "7ff9c59a168b479205c3553a4b53db5185dc394851dd4ba505f37cf45bdef043"
}
