{
  "source_file": "kodim03_BLU_SPDR_J.jpg",
  "format": "JPEG",
  "resolution": "2560x1707",
  "pixels": 4369920,
  "file_size_bytes": 2725088,
  "bpp": 4.989,
  "correlations": {
    "R_G": 0.901477,
    "R_B": 0.150607,
    "G_B": 0.124312,
    "avg_abs_r": 0.3921
  },
  "PC1_pct": 56.03,
  "PC2_pct": 41.57,
  "PC3_pct": 2.4,
  "eigenvalues": {
    "PC1": 5028.0506,
    "PC2": 3730.2381,
    "PC3": 215.7308
  },
  "condition_number": 23.31,
  "theta2": 21.35,
  "theta3": 8.49,
  "loo_dev": -10.57,
  "spatial_autocorrelation_avg": 0.997871,
  "sha256": "9c9e0386473abc9c36744a17e799207bbead65da8c1220fd3ea214e35546a767"
}
