{
  "source_file": "kodim10_GRN_SPDR_J.jpg",
  "format": "JPEG",
  "resolution": "1707x2560",
  "pixels": 4369920,
  "file_size_bytes": 2904732,
  "bpp": 5.318,
  "correlations": {
    "R_G": 0.114468,
    "R_B": 0.924722,
    "G_B": 0.111022,
    "avg_abs_r": 0.3834
  },
  "PC1_pct": 80.78,
  "PC2_pct": 18.48,
  "PC3_pct": 0.74,
  "eigenvalues": {
    "PC1": 1888.9473,
    "PC2": 432.1089,
    "PC3": 17.1887
  },
  "condition_number": 109.89,
  "theta2": 66.04,
  "theta3": 51.58,
  "loo_dev": -12.35,
  "spatial_autocorrelation_avg": 0.973172,
  "sha256": "6a153825fdd9b6c1c7f659dca9409c006438193c49e41b46e41eeafd8f2e2100"
}
