{
  "source_file": "KODIM14_GRN_SPDR_Q60_FB2.jpg",
  "format": "JPEG",
  "resolution": "2048x1366",
  "pixels": 2797568,
  "file_size_bytes": 548182,
  "bpp": 1.568,
  "correlations": {
    "R_G": -0.017398,
    "R_B": 0.956474,
    "G_B": -0.002012,
    "avg_abs_r": 0.3253
  },
  "PC1_pct": 62.91,
  "PC2_pct": 36.36,
  "PC3_pct": 0.72,
  "eigenvalues": {
    "PC1": 2100.1983,
    "PC2": 1213.9646,
    "PC3": 24.1149
  },
  "condition_number": 87.09,
  "theta2": 76.62,
  "theta3": 57.52,
  "loo_dev": -17.03,
  "spatial_autocorrelation_avg": 0.989461,
  "sha256": "991e4f21c8d3b3e487d9ab8d390c01adda3e79a50c7ee6beaa94633132df91e6"
}
