{
  "source_file": "KODIM02_RED_SPDR_Q60_FB2.jpg",
  "format": "JPEG",
  "resolution": "2048x1366",
  "pixels": 2797568,
  "file_size_bytes": 566845,
  "bpp": 1.621,
  "correlations": {
    "R_G": 0.263309,
    "R_B": 0.22363,
    "G_B": 0.95134,
    "avg_abs_r": 0.4794
  },
  "PC1_pct": 92.28,
  "PC2_pct": 5.5,
  "PC3_pct": 2.22,
  "eigenvalues": {
    "PC1": 1726.5684,
    "PC2": 102.9559,
    "PC3": 41.5266
  },
  "condition_number": 41.58,
  "theta2": 65.72,
  "theta3": 62.97,
  "loo_dev": -0.64,
  "spatial_autocorrelation_avg": 0.976391,
  "sha256": "0477f508fcb4b59219eb29a21b4fb83fd8c721503c8fdd2c450e7c29aecd30c5"
}
