{
  "source_file": "KODIM02_BLU_SPDR_Q60_FB2.jpg",
  "format": "JPEG",
  "resolution": "2048x1366",
  "pixels": 2797568,
  "file_size_bytes": 491488,
  "bpp": 1.405,
  "correlations": {
    "R_G": 0.937807,
    "R_B": 0.099234,
    "G_B": -0.070609,
    "avg_abs_r": 0.3692
  },
  "PC1_pct": 53.76,
  "PC2_pct": 44.94,
  "PC3_pct": 1.3,
  "eigenvalues": {
    "PC1": 999.0746,
    "PC2": 835.2424,
    "PC3": 24.193
  },
  "condition_number": 41.3,
  "theta2": 28.36,
  "theta3": 7.44,
  "loo_dev": -18.66,
  "spatial_autocorrelation_avg": 0.985043,
  "sha256": "a40f3b145eb062e2abdcd599b9d64f9b05db515fe82a48f317d9e963ded15dea"
}
