{
  "source_file": "KODIM24_BLU_SPDR_Q60_FB2.jpg",
  "format": "JPEG",
  "resolution": "2048x1366",
  "pixels": 2797568,
  "file_size_bytes": 369398,
  "bpp": 1.056,
  "correlations": {
    "R_G": 0.975801,
    "R_B": 0.136073,
    "G_B": 0.137069,
    "avg_abs_r": 0.4163
  },
  "PC1_pct": 96.35,
  "PC2_pct": 2.47,
  "PC3_pct": 1.18,
  "eigenvalues": {
    "PC1": 7786.5524,
    "PC2": 199.7685,
    "PC3": 95.1798
  },
  "condition_number": 81.81,
  "theta2": 35.47,
  "theta3": 8.37,
  "loo_dev": -24.87,
  "spatial_autocorrelation_avg": 0.980529,
  "sha256": "efc3ed1e4df3265608f66c93ba169a06a078e1f472e36222b344c41059172cac"
}
