{
  "source_file": "KODIM01_RED_SPDR_Q60_FB2.jpg",
  "format": "JPEG",
  "resolution": "2048x1366",
  "pixels": 2797568,
  "file_size_bytes": 679694,
  "bpp": 1.944,
  "correlations": {
    "R_G": 0.051279,
    "R_B": 0.022136,
    "G_B": 0.952751,
    "avg_abs_r": 0.3421
  },
  "PC1_pct": 90.94,
  "PC2_pct": 7.02,
  "PC3_pct": 2.04,
  "eigenvalues": {
    "PC1": 4415.0924,
    "PC2": 340.9809,
    "PC3": 98.934
  },
  "condition_number": 44.63,
  "theta2": 70.08,
  "theta3": 61.02,
  "loo_dev": -6.97,
  "spatial_autocorrelation_avg": 0.980303,
  "sha256": "652379674afc83d2e39648f3d61999a0e4bc924bfecba580ec80b01325410d44"
}
