{
  "source_file": "KODIM21_RED_SPDR_Q60_FB2.jpg",
  "format": "JPEG",
  "resolution": "2048x1366",
  "pixels": 2797568,
  "file_size_bytes": 502183,
  "bpp": 1.436,
  "correlations": {
    "R_G": 0.129067,
    "R_B": 0.146273,
    "G_B": 0.973471,
    "avg_abs_r": 0.4163
  },
  "PC1_pct": 87.04,
  "PC2_pct": 11.81,
  "PC3_pct": 1.16,
  "eigenvalues": {
    "PC1": 4866.1893,
    "PC2": 660.0754,
    "PC3": 64.6679
  },
  "condition_number": 75.25,
  "theta2": 74.98,
  "theta3": 69.17,
  "loo_dev": -3.74,
  "spatial_autocorrelation_avg": 0.988548,
  "sha256": "88db92ac8c65c2f8f4ccd3a4d128a742272311bd562cba6a05547ec9c1fbb8c5"
}
