{
  "source_file": "KODIM07_RED_SPDR_Q60_FB2.jpg",
  "format": "JPEG",
  "resolution": "2048x1366",
  "pixels": 2797568,
  "file_size_bytes": 414976,
  "bpp": 1.187,
  "correlations": {
    "R_G": -0.289177,
    "R_B": -0.23523,
    "G_B": 0.94366,
    "avg_abs_r": 0.4894
  },
  "PC1_pct": 75.02,
  "PC2_pct": 23.0,
  "PC3_pct": 1.98,
  "eigenvalues": {
    "PC1": 4148.5468,
    "PC2": 1271.5923,
    "PC3": 109.5758
  },
  "condition_number": 37.86,
  "theta2": 79.1,
  "theta3": 73.61,
  "loo_dev": -3.43,
  "spatial_autocorrelation_avg": 0.994858,
  "sha256": "3cc9b3c2b6605d4aea211968e69bb8c35567fae45c17fed8c5752e5df717e69b"
}
