{
  "source_file": "KODIM07_GRN_SPDR_Q60_FB2.jpg",
  "format": "JPEG",
  "resolution": "2048x1366",
  "pixels": 2797568,
  "file_size_bytes": 383223,
  "bpp": 1.096,
  "correlations": {
    "R_G": -0.116682,
    "R_B": 0.987627,
    "G_B": -0.0963,
    "avg_abs_r": 0.4002
  },
  "PC1_pct": 72.37,
  "PC2_pct": 27.48,
  "PC3_pct": 0.14,
  "eigenvalues": {
    "PC1": 1689.7021,
    "PC2": 641.6521,
    "PC3": 3.3017
  },
  "condition_number": 511.77,
  "theta2": 81.76,
  "theta3": 59.36,
  "loo_dev": -20.36,
  "spatial_autocorrelation_avg": 0.994597,
  "sha256": "8908cf14d9ae0d0170b9c924dd34a930e927cc0a3adbb4bd9dcfde6502d127c9"
}
