{
  "source_file": "KODIM18_GRN_SPDR_Q60_FB2.jpg",
  "format": "JPEG",
  "resolution": "1366x2048",
  "pixels": 2797568,
  "file_size_bytes": 612066,
  "bpp": 1.75,
  "correlations": {
    "R_G": 0.26353,
    "R_B": 0.973339,
    "G_B": 0.281151,
    "avg_abs_r": 0.506
  },
  "PC1_pct": 87.32,
  "PC2_pct": 12.5,
  "PC3_pct": 0.18,
  "eigenvalues": {
    "PC1": 1755.9929,
    "PC2": 251.3105,
    "PC3": 3.6562
  },
  "condition_number": 480.28,
  "theta2": 61.26,
  "theta3": 49.72,
  "loo_dev": -9.41,
  "spatial_autocorrelation_avg": 0.946679,
  "sha256": "db818626ad4a61dedc186dd0204d01f4e0456863e9be4067b3c5e31a8c20b368"
}
