{
  "source_file": "KODIM06_BLU_SPDR_Q60_FB2.jpg",
  "format": "JPEG",
  "resolution": "2048x1366",
  "pixels": 2797568,
  "file_size_bytes": 621247,
  "bpp": 1.777,
  "correlations": {
    "R_G": 0.962437,
    "R_B": -0.143635,
    "G_B": -0.279168,
    "avg_abs_r": 0.4617
  },
  "PC1_pct": 66.03,
  "PC2_pct": 33.11,
  "PC3_pct": 0.86,
  "eigenvalues": {
    "PC1": 9082.1919,
    "PC2": 4554.1152,
    "PC3": 117.8727
  },
  "condition_number": 77.05,
  "theta2": 51.94,
  "theta3": 11.05,
  "loo_dev": -38.73,
  "spatial_autocorrelation_avg": 0.993487,
  "sha256": "bd04f4eba8b4ca30b0f47c91140945b342a35e16d934df9abec15df3a1d2a7d8"
}
