{
  "source_file": "KODIM16_BLU_SPDR_Q60_FB2.jpg",
  "format": "JPEG",
  "resolution": "2048x1366",
  "pixels": 2797568,
  "file_size_bytes": 236117,
  "bpp": 0.675,
  "correlations": {
    "R_G": 0.986381,
    "R_B": -0.144583,
    "G_B": -0.121704,
    "avg_abs_r": 0.4176
  },
  "PC1_pct": 69.79,
  "PC2_pct": 29.74,
  "PC3_pct": 0.46,
  "eigenvalues": {
    "PC1": 5200.1248,
    "PC2": 2216.0876,
    "PC3": 34.4518
  },
  "condition_number": 150.94,
  "theta2": 45.46,
  "theta3": 9.25,
  "loo_dev": -34.02,
  "spatial_autocorrelation_avg": 0.997414,
  "sha256": "eb07471f601d98dacc64667bf198c232bad3ebb06e42bc2dbeeefc7048dd60d4"
}
