{
  "source_file": "KODIM08_BLU_SPDR_Q60_FB2.jpg",
  "format": "JPEG",
  "resolution": "2048x1366",
  "pixels": 2797568,
  "file_size_bytes": 662877,
  "bpp": 1.896,
  "correlations": {
    "R_G": 0.983047,
    "R_B": 0.09624,
    "G_B": 0.066513,
    "avg_abs_r": 0.3819
  },
  "PC1_pct": 82.01,
  "PC2_pct": 17.32,
  "PC3_pct": 0.67,
  "eigenvalues": {
    "PC1": 10584.286,
    "PC2": 2234.8111,
    "PC3": 86.8531
  },
  "condition_number": 121.86,
  "theta2": 33.33,
  "theta3": 9.57,
  "loo_dev": -21.52,
  "spatial_autocorrelation_avg": 0.978756,
  "sha256": "e2e556b0120ccc186a71afdcf7c565fec61aeeba44869fdc1a7ce36925389e5c"
}
