{
  "source_file": "KODIM19_GRN_SPDR_Q60_FB2.jpg",
  "format": "JPEG",
  "resolution": "1366x2048",
  "pixels": 2797568,
  "file_size_bytes": 576382,
  "bpp": 1.648,
  "correlations": {
    "R_G": 0.068579,
    "R_B": 0.917646,
    "G_B": 0.139484,
    "avg_abs_r": 0.3752
  },
  "PC1_pct": 74.93,
  "PC2_pct": 22.08,
  "PC3_pct": 2.99,
  "eigenvalues": {
    "PC1": 7666.7136,
    "PC2": 2259.2929,
    "PC3": 305.5314
  },
  "condition_number": 25.09,
  "theta2": 59.1,
  "theta3": 52.07,
  "loo_dev": -4.89,
  "spatial_autocorrelation_avg": 0.996046,
  "sha256": "511c0c5ad93c08b83f11d2f62b37052090e9932c48e9a6b0c756986498a4c2c8"
}
