{
  "source_file": "KODIM01_GRN_SPDR_Q60_FB2.jpg",
  "format": "JPEG",
  "resolution": "2048x1366",
  "pixels": 2797568,
  "file_size_bytes": 637910,
  "bpp": 1.824,
  "correlations": {
    "R_G": -0.187459,
    "R_B": 0.968062,
    "G_B": -0.130507,
    "avg_abs_r": 0.4287
  },
  "PC1_pct": 77.19,
  "PC2_pct": 21.7,
  "PC3_pct": 1.11,
  "eigenvalues": {
    "PC1": 4272.895,
    "PC2": 1200.965,
    "PC3": 61.5747
  },
  "condition_number": 69.39,
  "theta2": 63.45,
  "theta3": 57.64,
  "loo_dev": -3.69,
  "spatial_autocorrelation_avg": 0.988743,
  "sha256": "98b8159161268e86e10b968d5d3358efa6d20d8261e656a666c492c244ceaa3c"
}
