{
  "source_file": "KODIM08_RED_SPDR_Q60_FB2.jpg",
  "format": "JPEG",
  "resolution": "2048x1366",
  "pixels": 2797568,
  "file_size_bytes": 693945,
  "bpp": 1.984,
  "correlations": {
    "R_G": 0.281042,
    "R_B": 0.260455,
    "G_B": 0.918781,
    "avg_abs_r": 0.4868
  },
  "PC1_pct": 84.58,
  "PC2_pct": 11.95,
  "PC3_pct": 3.48,
  "eigenvalues": {
    "PC1": 6160.3787,
    "PC2": 870.3047,
    "PC3": 253.1818
  },
  "condition_number": 24.33,
  "theta2": 71.33,
  "theta3": 68.86,
  "loo_dev": -0.38,
  "spatial_autocorrelation_avg": 0.973469,
  "sha256": "8bc0a0cce5d6153d79db25cf2da41a9d5d3ee25a1479e9ec8e300f8d8202b18e"
}
