{
  "source_file": "KODIM20_RED_SPDR_Q60_FB2.jpg",
  "format": "JPEG",
  "resolution": "2048x1366",
  "pixels": 2797568,
  "file_size_bytes": 439865,
  "bpp": 1.258,
  "correlations": {
    "R_G": 0.286952,
    "R_B": 0.287519,
    "G_B": 0.99348,
    "avg_abs_r": 0.5227
  },
  "PC1_pct": 71.71,
  "PC2_pct": 28.07,
  "PC3_pct": 0.21,
  "eigenvalues": {
    "PC1": 10550.5806,
    "PC2": 4130.2186,
    "PC3": 31.6227
  },
  "condition_number": 333.64,
  "theta2": 70.09,
  "theta3": 66.39,
  "loo_dev": -1.61,
  "spatial_autocorrelation_avg": 0.995406,
  "sha256": "e75514abd7c1ea125a137fd60edf8d3ef01471fda14034218bf9c11d68b15ed5"
}
