{
  "source_file": "KODIM12_RED_SPDR_Q60_FB2.jpg",
  "format": "JPEG",
  "resolution": "2048x1366",
  "pixels": 2797568,
  "file_size_bytes": 364828,
  "bpp": 1.043,
  "correlations": {
    "R_G": 0.127967,
    "R_B": 0.059429,
    "G_B": 0.953401,
    "avg_abs_r": 0.3803
  },
  "PC1_pct": 78.11,
  "PC2_pct": 20.16,
  "PC3_pct": 1.73,
  "eigenvalues": {
    "PC1": 3887.2727,
    "PC2": 1003.3615,
    "PC3": 85.882
  },
  "condition_number": 45.26,
  "theta2": 69.2,
  "theta3": 62.95,
  "loo_dev": -4.15,
  "spatial_autocorrelation_avg": 0.995598,
  "sha256": "d61f2aed0816506ee533e02bb225c66da9ce6645b10e91d846038cf6381380b6"
}
