{
  "source_file": "KODIM04_RED_SPDR_Q60_FB2.jpg",
  "format": "JPEG",
  "resolution": "1366x2048",
  "pixels": 2797568,
  "file_size_bytes": 403023,
  "bpp": 1.152,
  "correlations": {
    "R_G": 0.15427,
    "R_B": 0.052291,
    "G_B": 0.970678,
    "avg_abs_r": 0.3924
  },
  "PC1_pct": 87.42,
  "PC2_pct": 11.55,
  "PC3_pct": 1.03,
  "eigenvalues": {
    "PC1": 1993.5967,
    "PC2": 263.3788,
    "PC3": 23.4321
  },
  "condition_number": 85.08,
  "theta2": 65.02,
  "theta3": 59.29,
  "loo_dev": -3.62,
  "spatial_autocorrelation_avg": 0.987029,
  "sha256": "81c3d17927a6478b5b6f9cae93b2f60b983e5ee9351ce33f55c684bce18395da"
}
