{
  "source_file": "KODIM20_GRN_SPDR_Q60_FB2.jpg",
  "format": "JPEG",
  "resolution": "2048x1366",
  "pixels": 2797568,
  "file_size_bytes": 457208,
  "bpp": 1.307,
  "correlations": {
    "R_G": 0.254382,
    "R_B": 0.989198,
    "G_B": 0.248325,
    "avg_abs_r": 0.4973
  },
  "PC1_pct": 88.13,
  "PC2_pct": 11.4,
  "PC3_pct": 0.47,
  "eigenvalues": {
    "PC1": 17167.5084,
    "PC2": 2220.3335,
    "PC3": 92.0431
  },
  "condition_number": 186.52,
  "theta2": 54.93,
  "theta3": 51.29,
  "loo_dev": -1.49,
  "spatial_autocorrelation_avg": 0.995326,
  "sha256": "155fd31718d5abea03df39098d0a9001da7da0da4e923eac7053e2b2d2a976ae"
}
