{
  "source_file": "KODIM23_BLU_SPDR_Q60_FB2.jpg",
  "format": "JPEG",
  "resolution": "2048x1366",
  "pixels": 2797568,
  "file_size_bytes": 352791,
  "bpp": 1.009,
  "correlations": {
    "R_G": 0.938396,
    "R_B": 0.212622,
    "G_B": 0.193186,
    "avg_abs_r": 0.4481
  },
  "PC1_pct": 91.32,
  "PC2_pct": 5.83,
  "PC3_pct": 2.85,
  "eigenvalues": {
    "PC1": 5057.2558,
    "PC2": 322.9547,
    "PC3": 157.9816
  },
  "condition_number": 32.01,
  "theta2": 32.19,
  "theta3": 8.05,
  "loo_dev": -21.9,
  "spatial_autocorrelation_avg": 0.994495,
  "sha256": "fd78202757358f6edcb645700368c768282ba61bc70de2f142c265bfb93fa713"
}
