{
  "source_file": "kodim11_ABC_JPG_SPDR_FB2.jpg",
  "format": "JPEG",
  "resolution": "2048x1366",
  "pixels": 2797568,
  "file_size_bytes": 490168,
  "bpp": 1.402,
  "correlations": {
    "R_G": 0.820642,
    "R_B": 0.788183,
    "G_B": 0.974151,
    "avg_abs_r": 0.861
  },
  "PC1_pct": 91.48,
  "PC2_pct": 7.66,
  "PC3_pct": 0.86,
  "eigenvalues": {
    "PC1": 4949.3722,
    "PC2": 414.4814,
    "PC3": 46.5116
  },
  "condition_number": 106.41,
  "theta2": 66.19,
  "theta3": 64.36,
  "loo_dev": 0.28,
  "spatial_autocorrelation_avg": 0.99123,
  "sha256": "b64e87b03e9ecbf29920522d29dbbf2558c2ff4cbba9bf826f27c75063771bb2"
}
