{
  "source_file": "kodim20_ABC_JPG_SPDR_FB2.jpg",
  "format": "JPEG",
  "resolution": "2048x1366",
  "pixels": 2797568,
  "file_size_bytes": 315804,
  "bpp": 0.903,
  "correlations": {
    "R_G": 0.995607,
    "R_B": 0.958724,
    "G_B": 0.976572,
    "avg_abs_r": 0.977
  },
  "PC1_pct": 98.43,
  "PC2_pct": 1.51,
  "PC3_pct": 0.06,
  "eigenvalues": {
    "PC1": 22979.329,
    "PC2": 352.668,
    "PC3": 12.8806
  },
  "condition_number": 1784.03,
  "theta2": 24.56,
  "theta3": 22.62,
  "loo_dev": 0.33,
  "spatial_autocorrelation_avg": 0.998532,
  "sha256": "7ca12339f455716c5ccf0785d4837645fd98266a6f8a100f165af0afbd74cb23"
}
