{
  "source_file": "kodim14_ABC_JPG_SPDR_FB2.jpg",
  "format": "JPEG",
  "resolution": "2048x1366",
  "pixels": 2797568,
  "file_size_bytes": 487784,
  "bpp": 1.395,
  "correlations": {
    "R_G": 0.860818,
    "R_B": 0.452469,
    "G_B": 0.707861,
    "avg_abs_r": 0.6737
  },
  "PC1_pct": 81.5,
  "PC2_pct": 15.72,
  "PC3_pct": 2.78,
  "eigenvalues": {
    "PC1": 5828.2064,
    "PC2": 1123.8946,
    "PC3": 199.0132
  },
  "condition_number": 29.29,
  "theta2": 39.42,
  "theta3": 35.34,
  "loo_dev": -1.87,
  "spatial_autocorrelation_avg": 0.992243,
  "sha256": "58fd5ff8f11438e6cc932e93ea195a45a4b48d54220655e45969a27283fd1ea0"
}
