{
  "source_file": "kodim02_ABC_JPG_SPDR_FB2.jpg",
  "format": "JPEG",
  "resolution": "2048x1366",
  "pixels": 2797568,
  "file_size_bytes": 431779,
  "bpp": 1.235,
  "correlations": {
    "R_G": 0.515238,
    "R_B": 0.392573,
    "G_B": 0.972792,
    "avg_abs_r": 0.6269
  },
  "PC1_pct": 72.69,
  "PC2_pct": 26.84,
  "PC3_pct": 0.47,
  "eigenvalues": {
    "PC1": 1192.0939,
    "PC2": 440.2055,
    "PC3": 7.7641
  },
  "condition_number": 153.54,
  "theta2": 66.28,
  "theta3": 64.07,
  "loo_dev": -0.1,
  "spatial_autocorrelation_avg": 0.986598,
  "sha256": "cc2b9966a91a82249e12be27af807c8802dde4a8eff2591cb26084242fe941c1"
}
