{
  "source_file": "KODIM14_OG_PNG_Q60_FB2.jpg",
  "format": "JPEG",
  "resolution": "768x512",
  "pixels": 393216,
  "file_size_bytes": 76112,
  "bpp": 1.549,
  "correlations": {
    "R_G": 0.861049,
    "R_B": 0.457952,
    "G_B": 0.709396,
    "avg_abs_r": 0.6761
  },
  "PC1_pct": 81.57,
  "PC2_pct": 15.61,
  "PC3_pct": 2.82,
  "eigenvalues": {
    "PC1": 5873.4165,
    "PC2": 1123.8738,
    "PC3": 203.147
  },
  "condition_number": 28.91,
  "theta2": 39.16,
  "theta3": 35.14,
  "loo_dev": -1.8,
  "spatial_autocorrelation_avg": 0.946647,
  "sha256": "9719028610e7675fca62db0a3f65b520fa138075b5dac146deb156995e1d9d88"
}
