{
  "source_file": "KODIM23_OG_PNG_Q60_FB2.jpg",
  "format": "JPEG",
  "resolution": "768x512",
  "pixels": 393216,
  "file_size_bytes": 41434,
  "bpp": 0.843,
  "correlations": {
    "R_G": 0.613364,
    "R_B": 0.424038,
    "G_B": 0.640825,
    "avg_abs_r": 0.5594
  },
  "PC1_pct": 70.3,
  "PC2_pct": 20.35,
  "PC3_pct": 9.35,
  "eigenvalues": {
    "PC1": 6128.4718,
    "PC2": 1773.7623,
    "PC3": 815.1885
  },
  "condition_number": 7.52,
  "theta2": 46.45,
  "theta3": 44.48,
  "loo_dev": 0.22,
  "spatial_autocorrelation_avg": 0.985917,
  "sha256": "4beede42aa8f388ec67355aad2dd6efb834801911f33fe586dfce718f76c9b9c"
}
