{
  "source_file": "KODIM08_OG_PNG_Q60_FB2.jpg",
  "format": "JPEG",
  "resolution": "768x512",
  "pixels": 393216,
  "file_size_bytes": 89793,
  "bpp": 1.827,
  "correlations": {
    "R_G": 0.966617,
    "R_B": 0.916973,
    "G_B": 0.973814,
    "avg_abs_r": 0.9525
  },
  "PC1_pct": 96.96,
  "PC2_pct": 2.64,
  "PC3_pct": 0.4,
  "eigenvalues": {
    "PC1": 11187.0283,
    "PC2": 305.099,
    "PC3": 45.8873
  },
  "condition_number": 243.79,
  "theta2": 46.66,
  "theta3": 44.67,
  "loo_dev": 0.2,
  "spatial_autocorrelation_avg": 0.899598,
  "sha256": "3842d9c2b4a9eaa25f817f662c85d36ad79fe51794706b143397b97dd9346f4c"
}
