{
  "source_file": "KODIM07_OG_PNG_Q60_FB2.jpg",
  "format": "JPEG",
  "resolution": "768x512",
  "pixels": 393216,
  "file_size_bytes": 51365,
  "bpp": 1.045,
  "correlations": {
    "R_G": 0.833478,
    "R_B": 0.762234,
    "G_B": 0.90758,
    "avg_abs_r": 0.8344
  },
  "PC1_pct": 88.74,
  "PC2_pct": 8.71,
  "PC3_pct": 2.56,
  "eigenvalues": {
    "PC1": 4113.2109,
    "PC2": 403.541,
    "PC3": 118.6106
  },
  "condition_number": 34.68,
  "theta2": 55.76,
  "theta3": 53.85,
  "loo_dev": 0.24,
  "spatial_autocorrelation_avg": 0.958386,
  "sha256": "3475896b757509460aac6acc04c0dacc24695ef3aae281091f00bcb13d6039a2"
}
