{
  "source_file": "KODIM17_OG_PNG_Q60_FB2.jpg",
  "format": "JPEG",
  "resolution": "512x768",
  "pixels": 393216,
  "file_size_bytes": 50177,
  "bpp": 1.021,
  "correlations": {
    "R_G": 0.985445,
    "R_B": 0.935436,
    "G_B": 0.977913,
    "avg_abs_r": 0.9663
  },
  "PC1_pct": 97.83,
  "PC2_pct": 2.09,
  "PC3_pct": 0.08,
  "eigenvalues": {
    "PC1": 6833.7209,
    "PC2": 145.6518,
    "PC3": 5.8652
  },
  "condition_number": 1165.13,
  "theta2": 35.93,
  "theta3": 34.08,
  "loo_dev": 0.38,
  "spatial_autocorrelation_avg": 0.973082,
  "sha256": "6b10ed08ece3494078a2b87e6f4e4f120b2a10fac9aedeb652b1c38b78e7a352"
}
