{
  "source_file": "KODIM02_OG_PNG_Q60_FB2.jpg",
  "format": "JPEG",
  "resolution": "768x512",
  "pixels": 393216,
  "file_size_bytes": 50422,
  "bpp": 1.026,
  "correlations": {
    "R_G": 0.520802,
    "R_B": 0.409291,
    "G_B": 0.971085,
    "avg_abs_r": 0.6337
  },
  "PC1_pct": 73.2,
  "PC2_pct": 26.24,
  "PC3_pct": 0.56,
  "eigenvalues": {
    "PC1": 1221.486,
    "PC2": 437.8737,
    "PC3": 9.3683
  },
  "condition_number": 130.38,
  "theta2": 66.66,
  "theta3": 64.46,
  "loo_dev": -0.09,
  "spatial_autocorrelation_avg": 0.916252,
  "sha256": "0777d0467d976a7e2ee7013675508f3520d067b80a9f912084cece5931d855f6"
}
