{
  "source_file": "KODIM18_OG_PNG_Q60_FB2.jpg",
  "format": "JPEG",
  "resolution": "512x768",
  "pixels": 393216,
  "file_size_bytes": 74546,
  "bpp": 1.517,
  "correlations": {
    "R_G": 0.915855,
    "R_B": 0.753361,
    "G_B": 0.832634,
    "avg_abs_r": 0.8339
  },
  "PC1_pct": 90.6,
  "PC2_pct": 6.99,
  "PC3_pct": 2.4,
  "eigenvalues": {
    "PC1": 4137.0442,
    "PC2": 319.2478,
    "PC3": 109.7932
  },
  "condition_number": 37.68,
  "theta2": 39.67,
  "theta3": 36.17,
  "loo_dev": -1.29,
  "spatial_autocorrelation_avg": 0.891631,
  "sha256": "a01f064adaea7b402bdc6cb2483117eff0236465c5f1268e9347001a6e4546cf"
}
