{
  "source_file": "KODIM04_OG_PNG_Q60_FB2.jpg",
  "format": "JPEG",
  "resolution": "512x768",
  "pixels": 393216,
  "file_size_bytes": 52610,
  "bpp": 1.07,
  "correlations": {
    "R_G": 0.60096,
    "R_B": 0.686547,
    "G_B": 0.955975,
    "avg_abs_r": 0.7478
  },
  "PC1_pct": 86.88,
  "PC2_pct": 11.7,
  "PC3_pct": 1.42,
  "eigenvalues": {
    "PC1": 4453.7656,
    "PC2": 599.7511,
    "PC3": 72.8518
  },
  "condition_number": 61.13,
  "theta2": 79.9,
  "theta3": 77.1,
  "loo_dev": -0.75,
  "spatial_autocorrelation_avg": 0.97115,
  "sha256": "af5d786b45ee4affa6900c5afe1b2e20f47e9dc750f72cb4c7e124e141ee442a"
}
