{
  "source_file": "KODIM09_OG_PNG_Q60_FB2.jpg",
  "format": "JPEG",
  "resolution": "512x768",
  "pixels": 393216,
  "file_size_bytes": 41914,
  "bpp": 0.853,
  "correlations": {
    "R_G": 0.949407,
    "R_B": 0.734368,
    "G_B": 0.854841,
    "avg_abs_r": 0.8462
  },
  "PC1_pct": 90.83,
  "PC2_pct": 8.18,
  "PC3_pct": 0.98,
  "eigenvalues": {
    "PC1": 3927.2273,
    "PC2": 353.8549,
    "PC3": 42.5229
  },
  "condition_number": 92.36,
  "theta2": 32.16,
  "theta3": 29.43,
  "loo_dev": -0.49,
  "spatial_autocorrelation_avg": 0.954608,
  "sha256": "801fd7babd562f15b384d6ae71f3eecb082593868d4d02e489f25346f63555dc"
}
