{
  "source_file": "KODIM14_OG_PNG_Q75_FB2.jpg",
  "format": "JPEG",
  "resolution": "768x512",
  "pixels": 393216,
  "file_size_bytes": 99561,
  "bpp": 2.026,
  "correlations": {
    "R_G": 0.861343,
    "R_B": 0.459537,
    "G_B": 0.710057,
    "avg_abs_r": 0.677
  },
  "PC1_pct": 81.62,
  "PC2_pct": 15.56,
  "PC3_pct": 2.82,
  "eigenvalues": {
    "PC1": 5901.6092,
    "PC2": 1125.1718,
    "PC3": 203.6207
  },
  "condition_number": 28.98,
  "theta2": 39.28,
  "theta3": 35.23,
  "loo_dev": -1.84,
  "spatial_autocorrelation_avg": 0.944607,
  "sha256": "2e342ed51cf9083239db47134df95a5c2cc6b4b1c37e8cc01c2129000ea2977a"
}
