{
  "source_file": "KODIM12_OG_PNG_Q75_FB2.jpg",
  "format": "JPEG",
  "resolution": "768x512",
  "pixels": 393216,
  "file_size_bytes": 57944,
  "bpp": 1.179,
  "correlations": {
    "R_G": 0.912699,
    "R_B": 0.871964,
    "G_B": 0.967622,
    "avg_abs_r": 0.9174
  },
  "PC1_pct": 95.07,
  "PC2_pct": 3.94,
  "PC3_pct": 0.99,
  "eigenvalues": {
    "PC1": 5959.9637,
    "PC2": 247.0274,
    "PC3": 62.2956
  },
  "condition_number": 95.67,
  "theta2": 57.01,
  "theta3": 55.34,
  "loo_dev": 0.47,
  "spatial_autocorrelation_avg": 0.973932,
  "sha256": "343f85dbf4c39c31efbd0b95347d30e0f7c532418712c087114860658135c36a"
}
