{
  "source_file": "KODIM04_OG_PNG_Q75_FB2.jpg",
  "format": "JPEG",
  "resolution": "512x768",
  "pixels": 393216,
  "file_size_bytes": 69962,
  "bpp": 1.423,
  "correlations": {
    "R_G": 0.600732,
    "R_B": 0.685492,
    "G_B": 0.956328,
    "avg_abs_r": 0.7475
  },
  "PC1_pct": 86.88,
  "PC2_pct": 11.7,
  "PC3_pct": 1.41,
  "eigenvalues": {
    "PC1": 4468.7005,
    "PC2": 601.9111,
    "PC3": 72.7281
  },
  "condition_number": 61.44,
  "theta2": 79.77,
  "theta3": 76.96,
  "loo_dev": -0.76,
  "spatial_autocorrelation_avg": 0.969463,
  "sha256": "25fc94de307d0731e4c029c210fbf5f13f13eda747e11bc49a877117e2e741dd"
}
