{
  "source_file": "KODIM02_OG_PNG_Q75_FB2.jpg",
  "format": "JPEG",
  "resolution": "768x512",
  "pixels": 393216,
  "file_size_bytes": 68697,
  "bpp": 1.398,
  "correlations": {
    "R_G": 0.522348,
    "R_B": 0.408237,
    "G_B": 0.971408,
    "avg_abs_r": 0.634
  },
  "PC1_pct": 73.23,
  "PC2_pct": 26.22,
  "PC3_pct": 0.54,
  "eigenvalues": {
    "PC1": 1226.5281,
    "PC2": 439.1748,
    "PC3": 9.0997
  },
  "condition_number": 134.79,
  "theta2": 66.57,
  "theta3": 64.37,
  "loo_dev": -0.09,
  "spatial_autocorrelation_avg": 0.911945,
  "sha256": "fee6569f062d8a2cf2319b6b3ac3503258412861eafe43840cd2ce606c64491f"
}
