{
  "source_file": "KODIM021_OG_PNG_Q75_FB2.jpg",
  "format": "JPEG",
  "resolution": "768x512",
  "pixels": 393216,
  "file_size_bytes": 76118,
  "bpp": 1.549,
  "correlations": {
    "R_G": 0.894689,
    "R_B": 0.664852,
    "G_B": 0.915625,
    "avg_abs_r": 0.8251
  },
  "PC1_pct": 88.68,
  "PC2_pct": 11.0,
  "PC3_pct": 0.31,
  "eigenvalues": {
    "PC1": 5345.705,
    "PC2": 663.2206,
    "PC3": 18.8692
  },
  "condition_number": 283.3,
  "theta2": 39.97,
  "theta3": 38.08,
  "loo_dev": 0.32,
  "spatial_autocorrelation_avg": 0.930725,
  "sha256": "8d077776668542451ae4f36fad84c651215b0c9222e9dbe0cb4650a628e08025"
}
