{
  "source_file": "kodim14.png",
  "format": "PNG",
  "resolution": "768x512",
  "pixels": 393216,
  "file_size_bytes": 692201,
  "bpp": 14.083,
  "correlations": {
    "R_G": 0.861318,
    "R_B": 0.456785,
    "G_B": 0.710744,
    "avg_abs_r": 0.6763
  },
  "PC1_pct": 81.6,
  "PC2_pct": 15.62,
  "PC3_pct": 2.77,
  "eigenvalues": {
    "PC1": 5902.5075,
    "PC2": 1130.1467,
    "PC3": 200.5202
  },
  "condition_number": 29.44,
  "theta2": 39.38,
  "theta3": 35.34,
  "loo_dev": -1.83,
  "spatial_autocorrelation_avg": 0.943762,
  "sha256": "55a94550ff18f3246c4074fd32b77b0c74447c26b6ad274d564d999c0450ba6e"
}
