{
  "source_file": "kodim03.png",
  "format": "PNG",
  "resolution": "768x512",
  "pixels": 393216,
  "file_size_bytes": 502888,
  "bpp": 10.231,
  "correlations": {
    "R_G": 0.718536,
    "R_B": 0.288997,
    "G_B": 0.553408,
    "avg_abs_r": 0.5203
  },
  "PC1_pct": 69.27,
  "PC2_pct": 23.32,
  "PC3_pct": 7.4,
  "eigenvalues": {
    "PC1": 3974.7495,
    "PC2": 1338.2911,
    "PC3": 424.7647
  },
  "condition_number": 9.36,
  "theta2": 32.17,
  "theta3": 29.72,
  "loo_dev": -0.21,
  "spatial_autocorrelation_avg": 0.977053,
  "sha256": "e25ca1ff2f0c0cb5fdfd5f9b0a0bb21ac4c3de3c84a67f35b09a85d3306249db"
}
