{
  "source_file": "kodim06.png",
  "format": "PNG",
  "resolution": "768x512",
  "pixels": 393216,
  "file_size_bytes": 618959,
  "bpp": 12.593,
  "correlations": {
    "R_G": 0.977168,
    "R_B": 0.960329,
    "G_B": 0.991059,
    "avg_abs_r": 0.9762
  },
  "PC1_pct": 98.42,
  "PC2_pct": 1.4,
  "PC3_pct": 0.18,
  "eigenvalues": {
    "PC1": 10128.6724,
    "PC2": 143.6789,
    "PC3": 18.6675
  },
  "condition_number": 542.58,
  "theta2": 61.26,
  "theta3": 58.85,
  "loo_dev": -0.28,
  "spatial_autocorrelation_avg": 0.952179,
  "sha256": "363510303b715d4cbc384e1ce227e466b613a09e1b71ae985882bf8e7fbd9b18"
}
