{
  "source_file": "kodim15_BLU_SPDR_J_Q60.jpg",
  "format": "JPEG",
  "resolution": "2560x1707",
  "pixels": 4369920,
  "file_size_bytes": 351691,
  "bpp": 0.644,
  "correlations": {
    "R_G": 0.938425,
    "R_B": 0.227384,
    "G_B": 0.086293,
    "avg_abs_r": 0.4174
  },
  "PC1_pct": 90.93,
  "PC2_pct": 6.99,
  "PC3_pct": 2.08,
  "eigenvalues": {
    "PC1": 12476.0017,
    "PC2": 959.3358,
    "PC3": 285.2175
  },
  "condition_number": 43.74,
  "theta2": 35.58,
  "theta3": 15.21,
  "loo_dev": -18.14,
  "spatial_autocorrelation_avg": 0.994846,
  "sha256": "6f3ccae73521e434ea382d63269f2b691e4b2dc5b88269017ff93bba16b5d4d6"
}
