{
  "source_file": "kodim10_BLU_SPDR_J_Q60.jpg",
  "format": "JPEG",
  "resolution": "1707x2560",
  "pixels": 4369920,
  "file_size_bytes": 262745,
  "bpp": 0.481,
  "correlations": {
    "R_G": 0.915451,
    "R_B": -0.004723,
    "G_B": 0.137834,
    "avg_abs_r": 0.3527
  },
  "PC1_pct": 57.57,
  "PC2_pct": 40.26,
  "PC3_pct": 2.18,
  "eigenvalues": {
    "PC1": 2102.8101,
    "PC2": 1470.5466,
    "PC3": 79.5435
  },
  "condition_number": 26.44,
  "theta2": 27.57,
  "theta3": 12.67,
  "loo_dev": -12.64,
  "spatial_autocorrelation_avg": 0.991336,
  "sha256": "4ca760db54a6a4abb10c7fa72ae4eef59f468e887b4aea5c6c6668979d80a2c0"
}
