{
  "source_file": "kodim03_GRN_SPDR_J_Q60.jpg",
  "format": "JPEG",
  "resolution": "2560x1707",
  "pixels": 4369920,
  "file_size_bytes": 334399,
  "bpp": 0.612,
  "correlations": {
    "R_G": -0.104158,
    "R_B": 0.94615,
    "G_B": 0.08459,
    "avg_abs_r": 0.3783
  },
  "PC1_pct": 84.25,
  "PC2_pct": 14.49,
  "PC3_pct": 1.26,
  "eigenvalues": {
    "PC1": 13787.7609,
    "PC2": 2371.2313,
    "PC3": 205.5848
  },
  "condition_number": 67.07,
  "theta2": 71.26,
  "theta3": 68.94,
  "loo_dev": -0.23,
  "spatial_autocorrelation_avg": 0.997514,
  "sha256": "5773f6f1495688057998a9f707225e047c950b0578c7eceee33402a5bf09bbd0"
}
