{
  "source_file": "kodim04_BLU_SPDR_J_Q60.jpg",
  "format": "JPEG",
  "resolution": "1707x2560",
  "pixels": 4369920,
  "file_size_bytes": 355909,
  "bpp": 0.652,
  "correlations": {
    "R_G": 0.903236,
    "R_B": 0.185326,
    "G_B": -0.166368,
    "avg_abs_r": 0.4183
  },
  "PC1_pct": 88.04,
  "PC2_pct": 10.84,
  "PC3_pct": 1.11,
  "eigenvalues": {
    "PC1": 2861.9568,
    "PC2": 352.5308,
    "PC3": 36.2136
  },
  "condition_number": 79.03,
  "theta2": 40.02,
  "theta3": 29.38,
  "loo_dev": -8.43,
  "spatial_autocorrelation_avg": 0.993479,
  "sha256": "7eb6dab0b2025d7695a69da03811cc15a3528ea017870f7105de5e4615d805db"
}
