{
  "source_file": "kodim04_GRN_SPDR_J_Q75.jpg",
  "format": "JPEG",
  "resolution": "1707x2560",
  "pixels": 4369920,
  "file_size_bytes": 486794,
  "bpp": 0.891,
  "correlations": {
    "R_G": -0.291486,
    "R_B": 0.945709,
    "G_B": -0.109892,
    "avg_abs_r": 0.449
  },
  "PC1_pct": 87.09,
  "PC2_pct": 11.82,
  "PC3_pct": 1.09,
  "eigenvalues": {
    "PC1": 6303.7335,
    "PC2": 855.3431,
    "PC3": 79.2184
  },
  "condition_number": 79.57,
  "theta2": 71.81,
  "theta3": 71.42,
  "loo_dev": 1.69,
  "spatial_autocorrelation_avg": 0.995493,
  "sha256": "cf336e7bd23fbb53e6e8f022db376bda0ff16f65a114fdef3c63cc58ea703922"
}
