{
  "source_file": "kodim18_BLU_SPDR_J_Q75.jpg",
  "format": "JPEG",
  "resolution": "1707x2560",
  "pixels": 4369920,
  "file_size_bytes": 701096,
  "bpp": 1.283,
  "correlations": {
    "R_G": 0.917092,
    "R_B": 0.191264,
    "G_B": 0.093062,
    "avg_abs_r": 0.4005
  },
  "PC1_pct": 66.12,
  "PC2_pct": 31.26,
  "PC3_pct": 2.62,
  "eigenvalues": {
    "PC1": 5348.5784,
    "PC2": 2528.8533,
    "PC3": 211.6517
  },
  "condition_number": 25.27,
  "theta2": 24.77,
  "theta3": 4.19,
  "loo_dev": -18.31,
  "spatial_autocorrelation_avg": 0.992178,
  "sha256": "dc253f01a937a83788f9750b0e54f19633b90ebcdd1575541c0091ff25e262a1"
}
