{
  "source_file": "kodim13_GRN_SPDR_J_Q60.jpg",
  "format": "JPEG",
  "resolution": "2560x1707",
  "pixels": 4369920,
  "file_size_bytes": 612317,
  "bpp": 1.121,
  "correlations": {
    "R_G": 0.266521,
    "R_B": 0.945491,
    "G_B": 0.268502,
    "avg_abs_r": 0.4935
  },
  "PC1_pct": 80.5,
  "PC2_pct": 18.92,
  "PC3_pct": 0.59,
  "eigenvalues": {
    "PC1": 2607.7017,
    "PC2": 612.8555,
    "PC3": 19.0079
  },
  "condition_number": 137.19,
  "theta2": 61.81,
  "theta3": 51.05,
  "loo_dev": -8.64,
  "spatial_autocorrelation_avg": 0.951287,
  "sha256": "9e2b80da4662b8eaa26aa646603128406fcea39895dbf41e09a98dab733294f1"
}
