{
  "source_file": "kodim19_GRN_SPDR_J_Q60.jpg",
  "format": "JPEG",
  "resolution": "1707x2560",
  "pixels": 4369920,
  "file_size_bytes": 490189,
  "bpp": 0.897,
  "correlations": {
    "R_G": 0.059926,
    "R_B": 0.914297,
    "G_B": 0.133458,
    "avg_abs_r": 0.3692
  },
  "PC1_pct": 74.75,
  "PC2_pct": 22.14,
  "PC3_pct": 3.11,
  "eigenvalues": {
    "PC1": 7758.0142,
    "PC2": 2298.1346,
    "PC3": 322.3162
  },
  "condition_number": 24.07,
  "theta2": 59.42,
  "theta3": 52.26,
  "loo_dev": -5.03,
  "spatial_autocorrelation_avg": 0.996486,
  "sha256": "db4a72eb40d5f00363ed71e3ef3c326b4e24c79cf1a27a178df06853c3beebb8"
}
