{
  "source_file": "kodim19_RED_SPDR_J_Q60.jpg",
  "format": "JPEG",
  "resolution": "1707x2560",
  "pixels": 4369920,
  "file_size_bytes": 389776,
  "bpp": 0.714,
  "correlations": {
    "R_G": 0.044654,
    "R_B": -0.006302,
    "G_B": 0.911936,
    "avg_abs_r": 0.321
  },
  "PC1_pct": 92.01,
  "PC2_pct": 4.52,
  "PC3_pct": 3.47,
  "eigenvalues": {
    "PC1": 3610.6443,
    "PC2": 177.3785,
    "PC3": 136.3224
  },
  "condition_number": 26.49,
  "theta2": 19.51,
  "theta3": 34.8,
  "loo_dev": 17.58,
  "spatial_autocorrelation_avg": 0.982645,
  "sha256": "5bea1d4c7ee5312a6d6328ee7c18b79db9ec66d90aafea7441119c7c193427db"
}
