{
  "source_file": "kodim04_BLU_SPDR_J_Q90.jpg",
  "format": "JPEG",
  "resolution": "1707x2560",
  "pixels": 4369920,
  "file_size_bytes": 817695,
  "bpp": 1.497,
  "correlations": {
    "R_G": 0.903961,
    "R_B": 0.181836,
    "G_B": -0.173407,
    "avg_abs_r": 0.4197
  },
  "PC1_pct": 88.03,
  "PC2_pct": 10.92,
  "PC3_pct": 1.05,
  "eigenvalues": {
    "PC1": 2862.4193,
    "PC2": 354.9535,
    "PC3": 34.1245
  },
  "condition_number": 83.88,
  "theta2": 40.03,
  "theta3": 29.29,
  "loo_dev": -8.53,
  "spatial_autocorrelation_avg": 0.994702,
  "sha256": "9ac2685898b86fdd4a48ae0938d84ace4a62a795fc47876b9a6c0ad691436d42"
}
