{
  "source_file": "kodim19_BLU_SPDR_J_Q90.jpg",
  "format": "JPEG",
  "resolution": "1707x2560",
  "pixels": 4369920,
  "file_size_bytes": 1026767,
  "bpp": 1.88,
  "correlations": {
    "R_G": 0.979356,
    "R_B": -0.071968,
    "G_B": -0.138766,
    "avg_abs_r": 0.3967
  },
  "PC1_pct": 67.21,
  "PC2_pct": 32.17,
  "PC3_pct": 0.62,
  "eigenvalues": {
    "PC1": 8723.1722,
    "PC2": 4175.6108,
    "PC3": 79.9166
  },
  "condition_number": 109.15,
  "theta2": 43.96,
  "theta3": 6.1,
  "loo_dev": -35.66,
  "spatial_autocorrelation_avg": 0.994129,
  "sha256": "b80a581646ab6a05bd3814b71d816dd483cc31981fab8640e34e3bcad3d9f075"
}
