{
  "source_file": "kodim21_GRN_SPDR_J_Q90.jpg",
  "format": "JPEG",
  "resolution": "2560x1707",
  "pixels": 4369920,
  "file_size_bytes": 1061302,
  "bpp": 1.943,
  "correlations": {
    "R_G": 0.117798,
    "R_B": 0.914446,
    "G_B": 0.169907,
    "avg_abs_r": 0.4007
  },
  "PC1_pct": 70.79,
  "PC2_pct": 26.26,
  "PC3_pct": 2.95,
  "eigenvalues": {
    "PC1": 3988.0344,
    "PC2": 1479.2716,
    "PC3": 166.0412
  },
  "condition_number": 24.02,
  "theta2": 55.95,
  "theta3": 50.45,
  "loo_dev": -3.35,
  "spatial_autocorrelation_avg": 0.993417,
  "sha256": "dbea6a5765e0a78579bc65184cfe3575582b0147b7cf61c1ab2de2adfa744317"
}
