{
  "source_file": "kodim08_RED_SPDR_J_Q90.jpg",
  "format": "JPEG",
  "resolution": "2560x1707",
  "pixels": 4369920,
  "file_size_bytes": 1357581,
  "bpp": 2.485,
  "correlations": {
    "R_G": 0.246214,
    "R_B": 0.22369,
    "G_B": 0.918754,
    "avg_abs_r": 0.4629
  },
  "PC1_pct": 82.33,
  "PC2_pct": 14.28,
  "PC3_pct": 3.39,
  "eigenvalues": {
    "PC1": 6336.8077,
    "PC2": 1098.7007,
    "PC3": 260.9658
  },
  "condition_number": 24.28,
  "theta2": 71.43,
  "theta3": 68.85,
  "loo_dev": -0.49,
  "spatial_autocorrelation_avg": 0.966707,
  "sha256": "14fffabb030959a18bab9be750b2acf95f64bbe9effd918a35e057b1259561b9"
}
