{
  "source_file": "kodim23_BLU_SPDR_J_Q60.jpg",
  "format": "JPEG",
  "resolution": "2560x1707",
  "pixels": 4369920,
  "file_size_bytes": 265639,
  "bpp": 0.486,
  "correlations": {
    "R_G": 0.938021,
    "R_B": 0.201001,
    "G_B": 0.181945,
    "avg_abs_r": 0.4403
  },
  "PC1_pct": 91.05,
  "PC2_pct": 6.09,
  "PC3_pct": 2.86,
  "eigenvalues": {
    "PC1": 5068.8135,
    "PC2": 338.8707,
    "PC3": 159.3723
  },
  "condition_number": 31.8,
  "theta2": 32.38,
  "theta3": 8.26,
  "loo_dev": -21.88,
  "spatial_autocorrelation_avg": 0.994289,
  "sha256": "b32f9a2f0386d49004dd753fbc6b3254ae3b22775583c2c3be7be6479b130228"
}
