{
  "source_file": "kodim15_BLU_SPDR_J_Q75.jpg",
  "format": "JPEG",
  "resolution": "2560x1707",
  "pixels": 4369920,
  "file_size_bytes": 459787,
  "bpp": 0.842,
  "correlations": {
    "R_G": 0.938272,
    "R_B": 0.229345,
    "G_B": 0.088437,
    "avg_abs_r": 0.4187
  },
  "PC1_pct": 90.92,
  "PC2_pct": 6.99,
  "PC3_pct": 2.09,
  "eigenvalues": {
    "PC1": 12468.75,
    "PC2": 958.7803,
    "PC3": 285.959
  },
  "condition_number": 43.6,
  "theta2": 35.56,
  "theta3": 15.23,
  "loo_dev": -18.1,
  "spatial_autocorrelation_avg": 0.994853,
  "sha256": "1b57eb1b6d32f44094738ff30dcea4b0192da9c2409120ac46a9004facd11797"
}
