{
  "source_file": "kodim10_BLU_SPDR_J_Q90.jpg",
  "format": "JPEG",
  "resolution": "1707x2560",
  "pixels": 4369920,
  "file_size_bytes": 557953,
  "bpp": 1.021,
  "correlations": {
    "R_G": 0.913924,
    "R_B": -0.00335,
    "G_B": 0.141894,
    "avg_abs_r": 0.3531
  },
  "PC1_pct": 57.57,
  "PC2_pct": 40.22,
  "PC3_pct": 2.21,
  "eigenvalues": {
    "PC1": 2112.4865,
    "PC2": 1475.7925,
    "PC3": 81.1226
  },
  "condition_number": 26.04,
  "theta2": 27.27,
  "theta3": 12.8,
  "loo_dev": -12.21,
  "spatial_autocorrelation_avg": 0.991219,
  "sha256": "f548e23c69ac77c02786ecb3a25a3a51614f67df47de48fa9202f85fae730dfb"
}
