{
  "source_file": "kodim18_RED_SPDR_J_Q60.jpg",
  "format": "JPEG",
  "resolution": "1707x2560",
  "pixels": 4369920,
  "file_size_bytes": 549683,
  "bpp": 1.006,
  "correlations": {
    "R_G": 0.085569,
    "R_B": 0.137476,
    "G_B": 0.983085,
    "avg_abs_r": 0.402
  },
  "PC1_pct": 95.0,
  "PC2_pct": 4.28,
  "PC3_pct": 0.72,
  "eigenvalues": {
    "PC1": 4244.0275,
    "PC2": 191.0694,
    "PC3": 32.0945
  },
  "condition_number": 132.24,
  "theta2": 82.53,
  "theta3": 77.89,
  "loo_dev": -2.6,
  "spatial_autocorrelation_avg": 0.969803,
  "sha256": "7ee9451654f0750577ad93f9919ba7d239fb68896dfa6999b0a93d34404fdcbf"
}
