{
  "source_file": "kodim18_BLU_SPDR_J_Q90.jpg",
  "format": "JPEG",
  "resolution": "1707x2560",
  "pixels": 4369920,
  "file_size_bytes": 1194743,
  "bpp": 2.187,
  "correlations": {
    "R_G": 0.916924,
    "R_B": 0.190156,
    "G_B": 0.092599,
    "avg_abs_r": 0.3999
  },
  "PC1_pct": 66.13,
  "PC2_pct": 31.24,
  "PC3_pct": 2.63,
  "eigenvalues": {
    "PC1": 5357.2272,
    "PC2": 2530.9284,
    "PC3": 212.7105
  },
  "condition_number": 25.19,
  "theta2": 24.85,
  "theta3": 4.2,
  "loo_dev": -18.38,
  "spatial_autocorrelation_avg": 0.992434,
  "sha256": "cafb52f11c5cf446285f1a7ccefa2f3a6e5b69e57c8e25a14bf9340b9ca27862"
}
