{
  "source_file": "kodim10_GRN_SPDR_J_Q75.jpg",
  "format": "JPEG",
  "resolution": "1707x2560",
  "pixels": 4369920,
  "file_size_bytes": 403632,
  "bpp": 0.739,
  "correlations": {
    "R_G": 0.120551,
    "R_B": 0.92734,
    "G_B": 0.117505,
    "avg_abs_r": 0.3885
  },
  "PC1_pct": 81.03,
  "PC2_pct": 18.27,
  "PC3_pct": 0.7,
  "eigenvalues": {
    "PC1": 1887.4311,
    "PC2": 425.4898,
    "PC3": 16.3464
  },
  "condition_number": 115.46,
  "theta2": 65.91,
  "theta3": 51.56,
  "loo_dev": -12.24,
  "spatial_autocorrelation_avg": 0.974764,
  "sha256": "0923c23f72b6e6afd953b297824dd2a550fa9e4ebcb43b6dc0f799c1c1d7705a"
}
