{
  "source_file": "kodim05_RED_SPDR_J_Q75.jpg",
  "format": "JPEG",
  "resolution": "2560x1707",
  "pixels": 4369920,
  "file_size_bytes": 798543,
  "bpp": 1.462,
  "correlations": {
    "R_G": 0.188334,
    "R_B": 0.061354,
    "G_B": 0.968211,
    "avg_abs_r": 0.406
  },
  "PC1_pct": 85.31,
  "PC2_pct": 13.72,
  "PC3_pct": 0.97,
  "eigenvalues": {
    "PC1": 4662.2544,
    "PC2": 750.1029,
    "PC3": 52.9303
  },
  "condition_number": 88.08,
  "theta2": 63.89,
  "theta3": 57.9,
  "loo_dev": -3.87,
  "spatial_autocorrelation_avg": 0.978329,
  "sha256": "c2518120256e1eab8495036c47a0429ec1dc33f30b5b05a162c23b54245c7cfa"
}
