{
  "source_file": "kodim24_GRN_SPDR_J_Q90.jpg",
  "format": "JPEG",
  "resolution": "2560x1707",
  "pixels": 4369920,
  "file_size_bytes": 1098037,
  "bpp": 2.01,
  "correlations": {
    "R_G": 0.250785,
    "R_B": 0.992122,
    "G_B": 0.257329,
    "avg_abs_r": 0.5001
  },
  "PC1_pct": 81.94,
  "PC2_pct": 17.74,
  "PC3_pct": 0.32,
  "eigenvalues": {
    "PC1": 7954.257,
    "PC2": 1722.5364,
    "PC3": 30.7209
  },
  "condition_number": 258.92,
  "theta2": 54.52,
  "theta3": 51.2,
  "loo_dev": -1.17,
  "spatial_autocorrelation_avg": 0.992208,
  "sha256": "24f9e7987eaf8e9cba930bb680e0ed5dbe4afab1d61c2bb31b601cdda25d32c4"
}
