{
  "source_file": "kodim04_GRN_SPDR_J_Q60.jpg",
  "format": "JPEG",
  "resolution": "1707x2560",
  "pixels": 4369920,
  "file_size_bytes": 371789,
  "bpp": 0.681,
  "correlations": {
    "R_G": -0.29088,
    "R_B": 0.945288,
    "G_B": -0.108874,
    "avg_abs_r": 0.4483
  },
  "PC1_pct": 87.05,
  "PC2_pct": 11.85,
  "PC3_pct": 1.1,
  "eigenvalues": {
    "PC1": 6283.1191,
    "PC2": 855.207,
    "PC3": 79.6846
  },
  "condition_number": 78.85,
  "theta2": 71.82,
  "theta3": 71.43,
  "loo_dev": 1.69,
  "spatial_autocorrelation_avg": 0.995339,
  "sha256": "ab824ad73fbd95b5f77563cc6a5f17eedacdfb285cdf5c941a654f0da6d6297a"
}
