{
  "source_file": "kodim01_RED_SPDR_J_Q60.jpg",
  "format": "JPEG",
  "resolution": "2560x1707",
  "pixels": 4369920,
  "file_size_bytes": 570612,
  "bpp": 1.045,
  "correlations": {
    "R_G": 0.017799,
    "R_B": -0.00387,
    "G_B": 0.95252,
    "avg_abs_r": 0.3247
  },
  "PC1_pct": 90.59,
  "PC2_pct": 7.35,
  "PC3_pct": 2.05,
  "eigenvalues": {
    "PC1": 4474.4763,
    "PC2": 363.1699,
    "PC3": 101.4712
  },
  "condition_number": 44.1,
  "theta2": 71.42,
  "theta3": 62.09,
  "loo_dev": -7.24,
  "spatial_autocorrelation_avg": 0.983087,
  "sha256": "113efa90d1a43862c18f2702b1d1e07d1ad52fcf910e6c15f8410fcbd2b08820"
}
