{
  "source_file": "kodim09_BLU_SPDR_J_Q90.jpg",
  "format": "JPEG",
  "resolution": "1707x2560",
  "pixels": 4369920,
  "file_size_bytes": 838978,
  "bpp": 1.536,
  "correlations": {
    "R_G": 0.933032,
    "R_B": -0.20997,
    "G_B": -0.063226,
    "avg_abs_r": 0.4021
  },
  "PC1_pct": 79.72,
  "PC2_pct": 18.06,
  "PC3_pct": 2.22,
  "eigenvalues": {
    "PC1": 7534.1541,
    "PC2": 1706.6189,
    "PC3": 209.7837
  },
  "condition_number": 35.91,
  "theta2": 44.74,
  "theta3": 17.63,
  "loo_dev": -24.92,
  "spatial_autocorrelation_avg": 0.995903,
  "sha256": "673a03a2ee52681f0675dcc91e76457ca56f61da30500c4a36a786aec7d7fea4"
}
