{
  "source_file": "kodim09_GRN_SPDR_J_Q60.jpg",
  "format": "JPEG",
  "resolution": "1707x2560",
  "pixels": 4369920,
  "file_size_bytes": 309060,
  "bpp": 0.566,
  "correlations": {
    "R_G": -0.195257,
    "R_B": 0.965012,
    "G_B": -0.196789,
    "avg_abs_r": 0.4524
  },
  "PC1_pct": 82.96,
  "PC2_pct": 16.73,
  "PC3_pct": 0.31,
  "eigenvalues": {
    "PC1": 1861.7697,
    "PC2": 375.5326,
    "PC3": 6.9292
  },
  "condition_number": 268.69,
  "theta2": 69.01,
  "theta3": 49.33,
  "loo_dev": -17.58,
  "spatial_autocorrelation_avg": 0.993407,
  "sha256": "a7ddebdc3c9903f56d79a1399b6c5a6951e3fa8a86daf2316d831e3aa6d5eb6b"
}
