{
  "source_file": "kodim18_GRN_SPDR_J_Q75.jpg",
  "format": "JPEG",
  "resolution": "1707x2560",
  "pixels": 4369920,
  "file_size_bytes": 687144,
  "bpp": 1.258,
  "correlations": {
    "R_G": 0.192164,
    "R_B": 0.953288,
    "G_B": 0.219183,
    "avg_abs_r": 0.4549
  },
  "PC1_pct": 85.23,
  "PC2_pct": 14.41,
  "PC3_pct": 0.36,
  "eigenvalues": {
    "PC1": 1797.3213,
    "PC2": 303.869,
    "PC3": 7.5533
  },
  "condition_number": 237.95,
  "theta2": 62.52,
  "theta3": 50.22,
  "loo_dev": -10.18,
  "spatial_autocorrelation_avg": 0.942376,
  "sha256": "bc3e4e07d62e4cf329e4f62528cda25cecb27ecaf6979ce9ae033012828230bd"
}
