{
  "source_file": "kodim02_GRN_SPDR_J_Q60.jpg",
  "format": "JPEG",
  "resolution": "2560x1707",
  "pixels": 4369920,
  "file_size_bytes": 460526,
  "bpp": 0.843,
  "correlations": {
    "R_G": -0.031184,
    "R_B": 0.984606,
    "G_B": -0.166349,
    "avg_abs_r": 0.394
  },
  "PC1_pct": 74.79,
  "PC2_pct": 25.0,
  "PC3_pct": 0.22,
  "eigenvalues": {
    "PC1": 1502.0145,
    "PC2": 502.0059,
    "PC3": 4.3262
  },
  "condition_number": 347.19,
  "theta2": 55.96,
  "theta3": 42.18,
  "loo_dev": -11.63,
  "spatial_autocorrelation_avg": 0.983112,
  "sha256": "bd3952e749bf9d385f07c94a1801b9eaf1f7890a14495ad9a7be3605adb6ec8f"
}
