{
  "source_file": "kodim09_GRN_SPDR_J_Q75.jpg",
  "format": "JPEG",
  "resolution": "1707x2560",
  "pixels": 4369920,
  "file_size_bytes": 412055,
  "bpp": 0.754,
  "correlations": {
    "R_G": -0.196568,
    "R_B": 0.966238,
    "G_B": -0.198207,
    "avg_abs_r": 0.4537
  },
  "PC1_pct": 82.92,
  "PC2_pct": 16.78,
  "PC3_pct": 0.3,
  "eigenvalues": {
    "PC1": 1863.1595,
    "PC2": 376.9618,
    "PC3": 6.7151
  },
  "condition_number": 277.46,
  "theta2": 69.08,
  "theta3": 49.36,
  "loo_dev": -17.62,
  "spatial_autocorrelation_avg": 0.993717,
  "sha256": "34e7e7e21ea899c4de40f626bb21f1475dc41b3b4e930b7eb40392d278fb9504"
}
