{
  "source_file": "kodim07_BLU_SPDR_J_Q75.jpg",
  "format": "JPEG",
  "resolution": "2560x1707",
  "pixels": 4369920,
  "file_size_bytes": 482382,
  "bpp": 0.883,
  "correlations": {
    "R_G": 0.964437,
    "R_B": -0.06909,
    "G_B": 0.074754,
    "avg_abs_r": 0.3694
  },
  "PC1_pct": 96.21,
  "PC2_pct": 2.93,
  "PC3_pct": 0.86,
  "eigenvalues": {
    "PC1": 4777.1887,
    "PC2": 145.4177,
    "PC3": 42.646
  },
  "condition_number": 112.02,
  "theta2": 57.67,
  "theta3": 46.52,
  "loo_dev": -9.01,
  "spatial_autocorrelation_avg": 0.986264,
  "sha256": "8116fd549397e8719fc464e850dc2140cd732cac417fe8395724eabd98cb0a29"
}
