{
  "source_file": "kodim04_GRN_SPDR_J_Q90.jpg",
  "format": "JPEG",
  "resolution": "1707x2560",
  "pixels": 4369920,
  "file_size_bytes": 846216,
  "bpp": 1.549,
  "correlations": {
    "R_G": -0.292323,
    "R_B": 0.946114,
    "G_B": -0.112006,
    "avg_abs_r": 0.4501
  },
  "PC1_pct": 87.12,
  "PC2_pct": 11.79,
  "PC3_pct": 1.09,
  "eigenvalues": {
    "PC1": 6322.1293,
    "PC2": 855.4553,
    "PC3": 79.1641
  },
  "condition_number": 79.86,
  "theta2": 71.74,
  "theta3": 71.35,
  "loo_dev": 1.7,
  "spatial_autocorrelation_avg": 0.995628,
  "sha256": "f876fc6d1f5b011e86e361354ee5da98989aac64ccefd3ad56e546a3900c1493"
}
