{
  "source_file": "kodim22_GRN_SPDR_J_Q75.jpg",
  "format": "JPEG",
  "resolution": "2560x1707",
  "pixels": 4369920,
  "file_size_bytes": 470556,
  "bpp": 0.861,
  "correlations": {
    "R_G": -0.073923,
    "R_B": 0.954068,
    "G_B": -0.090744,
    "avg_abs_r": 0.3729
  },
  "PC1_pct": 60.08,
  "PC2_pct": 38.99,
  "PC3_pct": 0.93,
  "eigenvalues": {
    "PC1": 1281.8316,
    "PC2": 831.9874,
    "PC3": 19.8501
  },
  "condition_number": 64.58,
  "theta2": 75.78,
  "theta3": 51.81,
  "loo_dev": -21.9,
  "spatial_autocorrelation_avg": 0.989175,
  "sha256": "c5c3ddcc74df966a756a6603f06eb453f0413714ee081522813697adce263cea"
}
