{
  "source_file": "kodim17_BLU_SPDR_J_Q75.jpg",
  "format": "JPEG",
  "resolution": "1707x2560",
  "pixels": 4369920,
  "file_size_bytes": 360229,
  "bpp": 0.659,
  "correlations": {
    "R_G": 0.967654,
    "R_B": -0.201024,
    "G_B": -0.130742,
    "avg_abs_r": 0.4331
  },
  "PC1_pct": 72.91,
  "PC2_pct": 26.67,
  "PC3_pct": 0.42,
  "eigenvalues": {
    "PC1": 4935.3719,
    "PC2": 1805.6056,
    "PC3": 28.4066
  },
  "condition_number": 173.74,
  "theta2": 65.35,
  "theta3": 11.32,
  "loo_dev": -51.92,
  "spatial_autocorrelation_avg": 0.996501,
  "sha256": "241f0254171cdb30b8e98a401f04fdd8963c090d061a6b5afa4f2846496e01a3"
}
