{
  "source_file": "kodim10_RED_SPDR_J_Q60.jpg",
  "format": "JPEG",
  "resolution": "1707x2560",
  "pixels": 4369920,
  "file_size_bytes": 309986,
  "bpp": 0.567,
  "correlations": {
    "R_G": 0.207122,
    "R_B": 0.218613,
    "G_B": 0.968263,
    "avg_abs_r": 0.4647
  },
  "PC1_pct": 82.25,
  "PC2_pct": 16.46,
  "PC3_pct": 1.29,
  "eigenvalues": {
    "PC1": 2987.4886,
    "PC2": 597.8485,
    "PC3": 46.7634
  },
  "condition_number": 63.89,
  "theta2": 74.27,
  "theta3": 71.49,
  "loo_dev": -0.71,
  "spatial_autocorrelation_avg": 0.991412,
  "sha256": "dec27e59cd72efa0e44726cbd0960e125b1f051734a77d22fe1b19116579d3cd"
}
