{
  "source_file": "kodim09_RED_SPDR_J_Q75.jpg",
  "format": "JPEG",
  "resolution": "1707x2560",
  "pixels": 4369920,
  "file_size_bytes": 390068,
  "bpp": 0.714,
  "correlations": {
    "R_G": 0.027517,
    "R_B": -0.005155,
    "G_B": 0.94199,
    "avg_abs_r": 0.3249
  },
  "PC1_pct": 87.66,
  "PC2_pct": 9.8,
  "PC3_pct": 2.55,
  "eigenvalues": {
    "PC1": 2758.0379,
    "PC2": 308.205,
    "PC3": 80.1552
  },
  "condition_number": 34.41,
  "theta2": 70.45,
  "theta3": 67.73,
  "loo_dev": -0.63,
  "spatial_autocorrelation_avg": 0.988155,
  "sha256": "73a9498cadf45501b8883e014840c638c47a7acd890b6f252ab1d6d49f3cda50"
}
