{
  "source_file": "kodim17_RED_SPDR_J_Q60.jpg",
  "format": "JPEG",
  "resolution": "1707x2560",
  "pixels": 4369920,
  "file_size_bytes": 344373,
  "bpp": 0.63,
  "correlations": {
    "R_G": 0.06195,
    "R_B": 0.21013,
    "G_B": 0.969427,
    "avg_abs_r": 0.4138
  },
  "PC1_pct": 93.06,
  "PC2_pct": 6.19,
  "PC3_pct": 0.75,
  "eigenvalues": {
    "PC1": 5719.4649,
    "PC2": 380.416,
    "PC3": 45.9621
  },
  "condition_number": 124.44,
  "theta2": 87.17,
  "theta3": 89.41,
  "loo_dev": 4.26,
  "spatial_autocorrelation_avg": 0.994303,
  "sha256": "4f9312a16b6c265f6407e5339436fb61a51b132cad11b231e942d7a67056c1ef"
}
