{
  "source_file": "kodim10_GRN_SPDR_J_Q60.jpg",
  "format": "JPEG",
  "resolution": "1707x2560",
  "pixels": 4369920,
  "file_size_bytes": 308011,
  "bpp": 0.564,
  "correlations": {
    "R_G": 0.122195,
    "R_B": 0.927051,
    "G_B": 0.120527,
    "avg_abs_r": 0.3899
  },
  "PC1_pct": 81.11,
  "PC2_pct": 18.19,
  "PC3_pct": 0.7,
  "eigenvalues": {
    "PC1": 1884.4709,
    "PC2": 422.6363,
    "PC3": 16.3171
  },
  "condition_number": 115.49,
  "theta2": 65.84,
  "theta3": 51.56,
  "loo_dev": -12.17,
  "spatial_autocorrelation_avg": 0.97541,
  "sha256": "e09e05b0e7223ef52bed318885bc47e564d5267b1dc6626aa25f6ccb10ebd7b0"
}
