{
  "source_file": "kodim09_RED_SPDR_J_Q90.jpg",
  "format": "JPEG",
  "resolution": "1707x2560",
  "pixels": 4369920,
  "file_size_bytes": 704457,
  "bpp": 1.29,
  "correlations": {
    "R_G": 0.026887,
    "R_B": -0.005422,
    "G_B": 0.94265,
    "avg_abs_r": 0.325
  },
  "PC1_pct": 87.61,
  "PC2_pct": 9.87,
  "PC3_pct": 2.52,
  "eigenvalues": {
    "PC1": 2757.0255,
    "PC2": 310.6062,
    "PC3": 79.1499
  },
  "condition_number": 34.83,
  "theta2": 70.54,
  "theta3": 67.85,
  "loo_dev": -0.6,
  "spatial_autocorrelation_avg": 0.987537,
  "sha256": "c3dcb195b6756ee7881ea436e276d42b609a53d1152f819c2a83ae5d250b169e"
}
