{
  "source_file": "kodim18_BLU_SPDR_J_Q60.jpg",
  "format": "JPEG",
  "resolution": "1707x2560",
  "pixels": 4369920,
  "file_size_bytes": 531138,
  "bpp": 0.972,
  "correlations": {
    "R_G": 0.917015,
    "R_B": 0.191883,
    "G_B": 0.093205,
    "avg_abs_r": 0.4007
  },
  "PC1_pct": 66.12,
  "PC2_pct": 31.26,
  "PC3_pct": 2.62,
  "eigenvalues": {
    "PC1": 5343.5914,
    "PC2": 2526.1312,
    "PC3": 211.5204
  },
  "condition_number": 25.26,
  "theta2": 24.73,
  "theta3": 4.19,
  "loo_dev": -18.27,
  "spatial_autocorrelation_avg": 0.991946,
  "sha256": "19edc58638eabcba1707f4baf447744745f9a1831745976a4de1fea8da23b56a"
}
