{
  "source_file": "kodim16_Q75.jpg",
  "format": "JPEG",
  "resolution": "768x512",
  "pixels": 393216,
  "file_size_bytes": 64923,
  "bpp": 1.321,
  "correlations": {
    "R_G": 0.984272,
    "R_B": 0.889803,
    "G_B": 0.949618,
    "avg_abs_r": 0.9412
  },
  "PC1_pct": 96.32,
  "PC2_pct": 3.57,
  "PC3_pct": 0.11,
  "eigenvalues": {
    "PC1": 5235.1441,
    "PC2": 193.9229,
    "PC3": 6.0813
  },
  "condition_number": 860.85,
  "theta2": 31.55,
  "theta3": 29.47,
  "loo_dev": 0.17,
  "spatial_autocorrelation_avg": 0.96304,
  "sha256": "00321f47c127a189d2113dd163e245627a14de8c3edc6514a632125ef484355e"
}
