{
  "source_file": "kodim07_Q75.jpg",
  "format": "JPEG",
  "resolution": "768x512",
  "pixels": 393216,
  "file_size_bytes": 65844,
  "bpp": 1.34,
  "correlations": {
    "R_G": 0.832595,
    "R_B": 0.762979,
    "G_B": 0.907568,
    "avg_abs_r": 0.8344
  },
  "PC1_pct": 88.73,
  "PC2_pct": 8.7,
  "PC3_pct": 2.57,
  "eigenvalues": {
    "PC1": 4117.9941,
    "PC2": 403.87,
    "PC3": 119.3192
  },
  "condition_number": 34.51,
  "theta2": 55.99,
  "theta3": 54.08,
  "loo_dev": 0.24,
  "spatial_autocorrelation_avg": 0.957298,
  "sha256": "448ee0020f2339adbea01907eded7725de3f167ed60c5c9bca01f22f8e28104d"
}
