{
  "source_file": "kodim18_Q60.jpg",
  "format": "JPEG",
  "resolution": "512x768",
  "pixels": 393216,
  "file_size_bytes": 74072,
  "bpp": 1.507,
  "correlations": {
    "R_G": 0.915855,
    "R_B": 0.753361,
    "G_B": 0.832634,
    "avg_abs_r": 0.8339
  },
  "PC1_pct": 90.6,
  "PC2_pct": 6.99,
  "PC3_pct": 2.4,
  "eigenvalues": {
    "PC1": 4137.0442,
    "PC2": 319.2478,
    "PC3": 109.7932
  },
  "condition_number": 37.68,
  "theta2": 39.67,
  "theta3": 36.17,
  "loo_dev": -1.29,
  "spatial_autocorrelation_avg": 0.891631,
  "sha256": "30865d9a8bc2a7bca815f89b535ce37dcba91496ab89e74509957817bc488840"
}
