{
  "source_file": "kodim01_Q60.jpg",
  "format": "JPEG",
  "resolution": "768x512",
  "pixels": 393216,
  "file_size_bytes": 78070,
  "bpp": 1.588,
  "correlations": {
    "R_G": 0.860616,
    "R_B": 0.844024,
    "G_B": 0.990528,
    "avg_abs_r": 0.8984
  },
  "PC1_pct": 94.33,
  "PC2_pct": 5.34,
  "PC3_pct": 0.33,
  "eigenvalues": {
    "PC1": 4520.3467,
    "PC2": 255.8496,
    "PC3": 15.9694
  },
  "condition_number": 283.06,
  "theta2": 68.65,
  "theta3": 66.95,
  "loo_dev": 0.4,
  "spatial_autocorrelation_avg": 0.862451,
  "sha256": "b7282174f0c173698eced79dbecb0107dcc3f613457c2773cd0c847f1bef1875"
}
