{
  "source_file": "kodim09_Q90.jpg",
  "format": "JPEG",
  "resolution": "512x768",
  "pixels": 393216,
  "file_size_bytes": 102391,
  "bpp": 2.083,
  "correlations": {
    "R_G": 0.948568,
    "R_B": 0.732958,
    "G_B": 0.855699,
    "avg_abs_r": 0.8457
  },
  "PC1_pct": 90.83,
  "PC2_pct": 8.19,
  "PC3_pct": 0.98,
  "eigenvalues": {
    "PC1": 3930.8698,
    "PC2": 354.4549,
    "PC3": 42.5634
  },
  "condition_number": 92.35,
  "theta2": 32.56,
  "theta3": 29.81,
  "loo_dev": -0.51,
  "spatial_autocorrelation_avg": 0.952807,
  "sha256": "796533a670a9d2c598ff5d979c626a241f45c52a7eba618fa57fdb59f3856668"
}
