{
  "source_file": "kodim11_Q75.jpg",
  "format": "JPEG",
  "resolution": "768x512",
  "pixels": 393216,
  "file_size_bytes": 80311,
  "bpp": 1.634,
  "correlations": {
    "R_G": 0.823717,
    "R_B": 0.790941,
    "G_B": 0.974239,
    "avg_abs_r": 0.863
  },
  "PC1_pct": 91.59,
  "PC2_pct": 7.55,
  "PC3_pct": 0.85,
  "eigenvalues": {
    "PC1": 5021.8939,
    "PC2": 414.1939,
    "PC3": 46.8318
  },
  "condition_number": 107.23,
  "theta2": 66.04,
  "theta3": 64.2,
  "loo_dev": 0.27,
  "spatial_autocorrelation_avg": 0.936071,
  "sha256": "a40875da7f5da03409cd6af440132234b1e3479c07442bba03267fd84fb13131"
}
