{
  "source_file": "kodim06_Q60.jpg",
  "format": "JPEG",
  "resolution": "768x512",
  "pixels": 393216,
  "file_size_bytes": 64525,
  "bpp": 1.313,
  "correlations": {
    "R_G": 0.976991,
    "R_B": 0.958982,
    "G_B": 0.990099,
    "avg_abs_r": 0.9754
  },
  "PC1_pct": 98.37,
  "PC2_pct": 1.43,
  "PC3_pct": 0.2,
  "eigenvalues": {
    "PC1": 10102.9909,
    "PC2": 146.4368,
    "PC3": 20.4844
  },
  "condition_number": 493.2,
  "theta2": 60.35,
  "theta3": 57.95,
  "loo_dev": -0.27,
  "spatial_autocorrelation_avg": 0.953308,
  "sha256": "d5cd4064ed272d63af1174ecdcdd8142b646bdc46a377971e420581884f481fe"
}
