{
  "source_file": "kodim15_Q60.jpg",
  "format": "JPEG",
  "resolution": "768x512",
  "pixels": 393216,
  "file_size_bytes": 48200,
  "bpp": 0.981,
  "correlations": {
    "R_G": 0.860164,
    "R_B": 0.856741,
    "G_B": 0.987788,
    "avg_abs_r": 0.9016
  },
  "PC1_pct": 94.47,
  "PC2_pct": 5.08,
  "PC3_pct": 0.45,
  "eigenvalues": {
    "PC1": 19090.7818,
    "PC2": 1026.469,
    "PC3": 91.5475
  },
  "condition_number": 208.53,
  "theta2": 71.67,
  "theta3": 69.96,
  "loo_dev": 0.38,
  "spatial_autocorrelation_avg": 0.988948,
  "sha256": "bae00f01fe6d6056d5896d75ea88e4af93d5d8d6f0320aacccd216c735d86abe"
}
