{
  "source_file": "kodim21_Q60.jpg",
  "format": "JPEG",
  "resolution": "768x512",
  "pixels": 393216,
  "file_size_bytes": 56726,
  "bpp": 1.154,
  "correlations": {
    "R_G": 0.894775,
    "R_B": 0.665098,
    "G_B": 0.915111,
    "avg_abs_r": 0.825
  },
  "PC1_pct": 88.68,
  "PC2_pct": 11.0,
  "PC3_pct": 0.33,
  "eigenvalues": {
    "PC1": 5329.2086,
    "PC2": 660.7539,
    "PC3": 19.6102
  },
  "condition_number": 271.76,
  "theta2": 39.87,
  "theta3": 37.99,
  "loo_dev": 0.33,
  "spatial_autocorrelation_avg": 0.934048,
  "sha256": "733e3a72e66f4ea43bbd386b62e41762b50cfd889caef8b63a1d9dc3877d5a60"
}
