{
  "source_file": "kodim24_Q60.jpg",
  "format": "JPEG",
  "resolution": "768x512",
  "pixels": 393216,
  "file_size_bytes": 71482,
  "bpp": 1.454,
  "correlations": {
    "R_G": 0.976942,
    "R_B": 0.94222,
    "G_B": 0.965474,
    "avg_abs_r": 0.9615
  },
  "PC1_pct": 97.46,
  "PC2_pct": 1.93,
  "PC3_pct": 0.61,
  "eigenvalues": {
    "PC1": 8238.7243,
    "PC2": 162.8939,
    "PC3": 51.4996
  },
  "condition_number": 159.98,
  "theta2": 31.03,
  "theta3": 29.12,
  "loo_dev": 0.34,
  "spatial_autocorrelation_avg": 0.934123,
  "sha256": "ab0785d1a33c026af9fb70f2468a3ae1f09309cee0b1e64bd84bd1f28658f0f1"
}
