{
  "source_file": "kodim06_Q90.jpg",
  "format": "JPEG",
  "resolution": "768x512",
  "pixels": 393216,
  "file_size_bytes": 144229,
  "bpp": 2.934,
  "correlations": {
    "R_G": 0.977177,
    "R_B": 0.95975,
    "G_B": 0.990619,
    "avg_abs_r": 0.9758
  },
  "PC1_pct": 98.4,
  "PC2_pct": 1.41,
  "PC3_pct": 0.19,
  "eigenvalues": {
    "PC1": 10125.4169,
    "PC2": 144.7145,
    "PC3": 19.4606
  },
  "condition_number": 520.3,
  "theta2": 60.78,
  "theta3": 58.38,
  "loo_dev": -0.27,
  "spatial_autocorrelation_avg": 0.950824,
  "sha256": "ea68276d59dc08e1cfca21af340233084ad2a4fccf1cbe56f28724fe247b2639"
}
