{
  "source_file": "kodim06_Q75.jpg",
  "format": "JPEG",
  "resolution": "768x512",
  "pixels": 393216,
  "file_size_bytes": 84246,
  "bpp": 1.714,
  "correlations": {
    "R_G": 0.977002,
    "R_B": 0.959574,
    "G_B": 0.990524,
    "avg_abs_r": 0.9757
  },
  "PC1_pct": 98.39,
  "PC2_pct": 1.41,
  "PC3_pct": 0.19,
  "eigenvalues": {
    "PC1": 10118.0118,
    "PC2": 145.4887,
    "PC3": 19.7689
  },
  "condition_number": 511.82,
  "theta2": 60.77,
  "theta3": 58.37,
  "loo_dev": -0.27,
  "spatial_autocorrelation_avg": 0.951769,
  "sha256": "163130cc00188b70cf91aa4555791b9620522463edfa05b091c6de0b6d382051"
}
