{
  "source_file": "kodim22_Q90.jpg",
  "format": "JPEG",
  "resolution": "768x512",
  "pixels": 393216,
  "file_size_bytes": 148092,
  "bpp": 3.013,
  "correlations": {
    "R_G": 0.871895,
    "R_B": 0.802269,
    "G_B": 0.875405,
    "avg_abs_r": 0.8499
  },
  "PC1_pct": 89.83,
  "PC2_pct": 7.02,
  "PC3_pct": 3.15,
  "eigenvalues": {
    "PC1": 5220.6769,
    "PC2": 407.9702,
    "PC3": 182.9767
  },
  "condition_number": 28.53,
  "theta2": 39.64,
  "theta3": 37.7,
  "loo_dev": 0.27,
  "spatial_autocorrelation_avg": 0.953516,
  "sha256": "bdb06e06c4b8043264aafeb7215888cf4b16624049a9225b316d4dfc5a7d7fde"
}
