{
  "source_file": "kodim08_Q75.jpg",
  "format": "JPEG",
  "resolution": "768x512",
  "pixels": 393216,
  "file_size_bytes": 116012,
  "bpp": 2.36,
  "correlations": {
    "R_G": 0.966827,
    "R_B": 0.917213,
    "G_B": 0.974412,
    "avg_abs_r": 0.9528
  },
  "PC1_pct": 96.98,
  "PC2_pct": 2.64,
  "PC3_pct": 0.38,
  "eigenvalues": {
    "PC1": 11229.0849,
    "PC2": 305.6795,
    "PC3": 44.0757
  },
  "condition_number": 254.77,
  "theta2": 46.82,
  "theta3": 44.83,
  "loo_dev": 0.19,
  "spatial_autocorrelation_avg": 0.89806,
  "sha256": "3a018d20acc7222316a803917dbf02bc194f8f7227473b2b2aae801246cdf42a"
}
