{
  "source_file": "KODIM01_GRN_SPDR_Q75_FB2.jpg",
  "format": "JPEG",
  "resolution": "2048x1366",
  "pixels": 2797568,
  "file_size_bytes": 635788,
  "bpp": 1.818,
  "correlations": {
    "R_G": -0.188719,
    "R_B": 0.968123,
    "G_B": -0.132746,
    "avg_abs_r": 0.4299
  },
  "PC1_pct": 77.26,
  "PC2_pct": 21.62,
  "PC3_pct": 1.11,
  "eigenvalues": {
    "PC1": 4289.793,
    "PC2": 1200.538,
    "PC3": 61.8234
  },
  "condition_number": 69.39,
  "theta2": 63.43,
  "theta3": 57.59,
  "loo_dev": -3.72,
  "spatial_autocorrelation_avg": 0.988828,
  "sha256": "4b513a52aac529e0297bf728d3ec897497a0592ea2e398c8ac90b7606ec3f4ff"
}
