{
  "source_file": "KODIM09_BLU_SPDR_Q75_FB2.jpg",
  "format": "JPEG",
  "resolution": "1366x2048",
  "pixels": 2797568,
  "file_size_bytes": 424203,
  "bpp": 1.213,
  "correlations": {
    "R_G": 0.938488,
    "R_B": -0.201017,
    "G_B": -0.05361,
    "avg_abs_r": 0.3977
  },
  "PC1_pct": 80.01,
  "PC2_pct": 17.99,
  "PC3_pct": 2.0,
  "eigenvalues": {
    "PC1": 7494.8513,
    "PC2": 1684.9931,
    "PC3": 187.7304
  },
  "condition_number": 39.92,
  "theta2": 44.37,
  "theta3": 17.57,
  "loo_dev": -24.61,
  "spatial_autocorrelation_avg": 0.994807,
  "sha256": "f927456bdc74041da900a4d968412343a9121b2ca4ddf94c1c7d6547ce40ce58"
}
