{
  "source_file": "KODIM24_RED_SPDR_Q75_FB2.jpg",
  "format": "JPEG",
  "resolution": "2048x1366",
  "pixels": 2797568,
  "file_size_bytes": 557943,
  "bpp": 1.596,
  "correlations": {
    "R_G": 0.25745,
    "R_B": 0.26258,
    "G_B": 0.992652,
    "avg_abs_r": 0.5042
  },
  "PC1_pct": 63.48,
  "PC2_pct": 36.36,
  "PC3_pct": 0.17,
  "eigenvalues": {
    "PC1": 4298.3505,
    "PC2": 2461.8802,
    "PC3": 11.4462
  },
  "condition_number": 375.53,
  "theta2": 71.9,
  "theta3": 68.94,
  "loo_dev": -0.88,
  "spatial_autocorrelation_avg": 0.990153,
  "sha256": "295a9468a746305350514afef19a1f9a6ab054c0d1752e3b630ecbd644cf080a"
}
