{
  "source_file": "KODIM20_BLU_SPDR_Q75_FB2.jpg",
  "format": "JPEG",
  "resolution": "2048x1366",
  "pixels": 2797568,
  "file_size_bytes": 547955,
  "bpp": 1.567,
  "correlations": {
    "R_G": 0.945297,
    "R_B": -0.207072,
    "G_B": -0.181044,
    "avg_abs_r": 0.4445
  },
  "PC1_pct": 74.97,
  "PC2_pct": 23.15,
  "PC3_pct": 1.88,
  "eigenvalues": {
    "PC1": 19494.9799,
    "PC2": 6020.1713,
    "PC3": 488.5061
  },
  "condition_number": 39.91,
  "theta2": 45.85,
  "theta3": 15.98,
  "loo_dev": -27.68,
  "spatial_autocorrelation_avg": 0.996925,
  "sha256": "b34664fadbe23797b1d77c959a525266eff01ae744da805338a96089affe3f59"
}
