{
  "source_file": "KODIM23_RED_SPDR_Q75_FB2.jpg",
  "format": "JPEG",
  "resolution": "2048x1366",
  "pixels": 2797568,
  "file_size_bytes": 366004,
  "bpp": 1.047,
  "correlations": {
    "R_G": -0.038872,
    "R_B": -0.220737,
    "G_B": 0.905485,
    "avg_abs_r": 0.3884
  },
  "PC1_pct": 75.05,
  "PC2_pct": 22.17,
  "PC3_pct": 2.78,
  "eigenvalues": {
    "PC1": 5266.216,
    "PC2": 1555.6821,
    "PC3": 195.3437
  },
  "condition_number": 26.96,
  "theta2": 66.46,
  "theta3": 56.24,
  "loo_dev": -8.11,
  "spatial_autocorrelation_avg": 0.996371,
  "sha256": "288850586ada7977d428acdd865ad0e82dde3dec43720ee1de316f97885ca7e9"
}
