{
  "source_file": "KODIM01_BLU_SPDR_Q75_FB2.jpg",
  "format": "JPEG",
  "resolution": "2048x1366",
  "pixels": 2797568,
  "file_size_bytes": 389158,
  "bpp": 1.113,
  "correlations": {
    "R_G": 0.951785,
    "R_B": -0.025872,
    "G_B": -0.061834,
    "avg_abs_r": 0.3465
  },
  "PC1_pct": 51.88,
  "PC2_pct": 46.93,
  "PC3_pct": 1.18,
  "eigenvalues": {
    "PC1": 1380.253,
    "PC2": 1248.5167,
    "PC3": 31.52
  },
  "condition_number": 43.79,
  "theta2": 61.83,
  "theta3": 12.71,
  "loo_dev": -47.0,
  "spatial_autocorrelation_avg": 0.988281,
  "sha256": "e67b646adde9d9268cae978fec01f403edb9189ba30431067ca732d1a8145347"
}
