{
  "source_file": "KODIM05_GRN_SPDR_Q75_FB2.jpg",
  "format": "JPEG",
  "resolution": "2048x1366",
  "pixels": 2797568,
  "file_size_bytes": 552310,
  "bpp": 1.579,
  "correlations": {
    "R_G": -0.032262,
    "R_B": 0.942157,
    "G_B": -0.031901,
    "avg_abs_r": 0.3354
  },
  "PC1_pct": 56.61,
  "PC2_pct": 42.19,
  "PC3_pct": 1.2,
  "eigenvalues": {
    "PC1": 2281.3221,
    "PC2": 1700.3966,
    "PC3": 48.2388
  },
  "condition_number": 47.29,
  "theta2": 59.17,
  "theta3": 61.95,
  "loo_dev": 4.92,
  "spatial_autocorrelation_avg": 0.985354,
  "sha256": "b25b1c15fa1f8668ae1f697feb0b17a45e4f589ba2848e2a51a8bd05ccf674fa"
}
