{
  "source_file": "KODIM24_GRN_SPDR_Q75_FB2.jpg",
  "format": "JPEG",
  "resolution": "2048x1366",
  "pixels": 2797568,
  "file_size_bytes": 584520,
  "bpp": 1.672,
  "correlations": {
    "R_G": 0.25832,
    "R_B": 0.993963,
    "G_B": 0.262503,
    "avg_abs_r": 0.5049
  },
  "PC1_pct": 82.06,
  "PC2_pct": 17.7,
  "PC3_pct": 0.24,
  "eigenvalues": {
    "PC1": 7761.8368,
    "PC2": 1673.8859,
    "PC3": 22.9525
  },
  "condition_number": 338.17,
  "theta2": 54.28,
  "theta3": 51.0,
  "loo_dev": -1.13,
  "spatial_autocorrelation_avg": 0.991746,
  "sha256": "760721e58019043ffd0904e74af16ea202a62fa1b45b468424aadfcff1211c7e"
}
