{
  "source_file": "KODIM22_RED_SPDR_Q75_FB2.jpg",
  "format": "JPEG",
  "resolution": "2048x1366",
  "pixels": 2797568,
  "file_size_bytes": 489641,
  "bpp": 1.4,
  "correlations": {
    "R_G": 0.122429,
    "R_B": 0.110251,
    "G_B": 0.99076,
    "avg_abs_r": 0.4078
  },
  "PC1_pct": 96.88,
  "PC2_pct": 2.68,
  "PC3_pct": 0.45,
  "eigenvalues": {
    "PC1": 3174.5705,
    "PC2": 87.76,
    "PC3": 14.5839
  },
  "condition_number": 217.68,
  "theta2": 71.55,
  "theta3": 66.69,
  "loo_dev": -2.77,
  "spatial_autocorrelation_avg": 0.975571,
  "sha256": "9fe531f0860aa9a66e493dc86f9b569e708674756e42eb57141671401b551c42"
}
