{
  "source_file": "KODIM05_BLU_SPDR_Q75_FB2.jpg",
  "format": "JPEG",
  "resolution": "2048x1366",
  "pixels": 2797568,
  "file_size_bytes": 607537,
  "bpp": 1.737,
  "correlations": {
    "R_G": 0.934272,
    "R_B": 0.051416,
    "G_B": 0.111071,
    "avg_abs_r": 0.3656
  },
  "PC1_pct": 94.53,
  "PC2_pct": 3.26,
  "PC3_pct": 2.2,
  "eigenvalues": {
    "PC1": 4029.1503,
    "PC2": 139.1385,
    "PC3": 93.8515
  },
  "condition_number": 42.93,
  "theta2": 79.66,
  "theta3": 68.1,
  "loo_dev": -9.51,
  "spatial_autocorrelation_avg": 0.967855,
  "sha256": "81e3833cdea8b8978e50a550e702afbd284a38a4e6970b3f05e9ca2b10d74f7f"
}
