{
  "source_file": "KODIM02_BLU_SPDR_Q75_FB2.jpg",
  "format": "JPEG",
  "resolution": "2048x1366",
  "pixels": 2797568,
  "file_size_bytes": 492503,
  "bpp": 1.408,
  "correlations": {
    "R_G": 0.936572,
    "R_B": 0.096484,
    "G_B": -0.07317,
    "avg_abs_r": 0.3687
  },
  "PC1_pct": 53.81,
  "PC2_pct": 44.86,
  "PC3_pct": 1.34,
  "eigenvalues": {
    "PC1": 1004.2255,
    "PC2": 837.1525,
    "PC3": 24.9237
  },
  "condition_number": 40.29,
  "theta2": 28.88,
  "theta3": 7.86,
  "loo_dev": -18.76,
  "spatial_autocorrelation_avg": 0.985091,
  "sha256": "3b6ed2ad666f796b9e7419fc0783b2edbfc45d63e6da787265dc203353886143"
}
