{
  "source_file": "KODIM18_RED_SPDR_Q75_FB2.jpg",
  "format": "JPEG",
  "resolution": "1366x2048",
  "pixels": 2797568,
  "file_size_bytes": 666688,
  "bpp": 1.906,
  "correlations": {
    "R_G": 0.12241,
    "R_B": 0.176621,
    "G_B": 0.984175,
    "avg_abs_r": 0.4277
  },
  "PC1_pct": 95.64,
  "PC2_pct": 3.7,
  "PC3_pct": 0.66,
  "eigenvalues": {
    "PC1": 4184.1024,
    "PC2": 161.7668,
    "PC3": 28.9317
  },
  "condition_number": 144.62,
  "theta2": 83.76,
  "theta3": 79.01,
  "loo_dev": -2.71,
  "spatial_autocorrelation_avg": 0.972045,
  "sha256": "6054e506bcd18f49616455756eb29c9cf1d0bf9c227cfc703f0a7e4a5c101a95"
}
