{
  "source_file": "KODIM14_BLU_SPDR_Q75_FB2.jpg",
  "format": "JPEG",
  "resolution": "2048x1366",
  "pixels": 2797568,
  "file_size_bytes": 522357,
  "bpp": 1.494,
  "correlations": {
    "R_G": 0.924921,
    "R_B": -0.071216,
    "G_B": 0.154977,
    "avg_abs_r": 0.3837
  },
  "PC1_pct": 93.2,
  "PC2_pct": 5.4,
  "PC3_pct": 1.41,
  "eigenvalues": {
    "PC1": 4121.6637,
    "PC2": 238.6017,
    "PC3": 62.3345
  },
  "condition_number": 66.12,
  "theta2": 67.63,
  "theta3": 54.66,
  "loo_dev": -10.87,
  "spatial_autocorrelation_avg": 0.986211,
  "sha256": "6638f7cf4f8cdea9e0c8230c65716a1c0ec4df302ec8b07efdb6f5abbcd2fa57"
}
