{
  "source_file": "KODIM01_RED_SPDR_Q75_FB2.jpg",
  "format": "JPEG",
  "resolution": "2048x1366",
  "pixels": 2797568,
  "file_size_bytes": 677573,
  "bpp": 1.938,
  "correlations": {
    "R_G": 0.049095,
    "R_B": 0.019805,
    "G_B": 0.953299,
    "avg_abs_r": 0.3407
  },
  "PC1_pct": 90.95,
  "PC2_pct": 7.04,
  "PC3_pct": 2.01,
  "eigenvalues": {
    "PC1": 4415.6274,
    "PC2": 341.8307,
    "PC3": 97.7909
  },
  "condition_number": 45.15,
  "theta2": 70.11,
  "theta3": 61.04,
  "loo_dev": -6.98,
  "spatial_autocorrelation_avg": 0.980349,
  "sha256": "1d9ca2eb9e609c7ab6c4306378f0d03b8ce5caf96a48e100f6829c1170bb8672"
}
