{
  "source_file": "KODIM18_BLU_SPDR_Q75_FB2.jpg",
  "format": "JPEG",
  "resolution": "1366x2048",
  "pixels": 2797568,
  "file_size_bytes": 622512,
  "bpp": 1.78,
  "correlations": {
    "R_G": 0.92177,
    "R_B": 0.203675,
    "G_B": 0.100787,
    "avg_abs_r": 0.4087
  },
  "PC1_pct": 67.09,
  "PC2_pct": 30.44,
  "PC3_pct": 2.47,
  "eigenvalues": {
    "PC1": 5337.7277,
    "PC2": 2422.1963,
    "PC3": 196.3107
  },
  "condition_number": 27.19,
  "theta2": 24.55,
  "theta3": 3.98,
  "loo_dev": -18.3,
  "spatial_autocorrelation_avg": 0.990491,
  "sha256": "331a48ab552a4a636141a8723ccf9238d413bdd811df847e8ab84facf4a661d2"
}
