{
  "source_file": "KODIM22_GRN_SPDR_Q75_FB2.jpg",
  "format": "JPEG",
  "resolution": "2048x1366",
  "pixels": 2797568,
  "file_size_bytes": 435102,
  "bpp": 1.244,
  "correlations": {
    "R_G": -0.068449,
    "R_B": 0.961618,
    "G_B": -0.083885,
    "avg_abs_r": 0.3713
  },
  "PC1_pct": 60.46,
  "PC2_pct": 38.77,
  "PC3_pct": 0.77,
  "eigenvalues": {
    "PC1": 1266.7448,
    "PC2": 812.3724,
    "PC3": 16.0874
  },
  "condition_number": 78.74,
  "theta2": 74.89,
  "theta3": 51.72,
  "loo_dev": -21.1,
  "spatial_autocorrelation_avg": 0.988078,
  "sha256": "b2f1f97eedb923e53f02e3dff4e612cb688c228a530ba3e6a86add2428ba348c"
}
