{
  "source_file": "KODIM07_BLU_SPDR_Q75_FB2.jpg",
  "format": "JPEG",
  "resolution": "2048x1366",
  "pixels": 2797568,
  "file_size_bytes": 337293,
  "bpp": 0.965,
  "correlations": {
    "R_G": 0.966925,
    "R_B": -0.05452,
    "G_B": 0.075891,
    "avg_abs_r": 0.3658
  },
  "PC1_pct": 96.33,
  "PC2_pct": 2.79,
  "PC3_pct": 0.88,
  "eigenvalues": {
    "PC1": 4743.6823,
    "PC2": 137.3391,
    "PC3": 43.2389
  },
  "condition_number": 109.71,
  "theta2": 56.0,
  "theta3": 44.25,
  "loo_dev": -9.6,
  "spatial_autocorrelation_avg": 0.981038,
  "sha256": "e0c10841092631d99fdfc6b05c6190fa5b1ab69b9c7a502b76bda3c003cdc9aa"
}
