{
  "source_file": "KODIM02_GRN_SPDR_Q75_FB2.jpg",
  "format": "JPEG",
  "resolution": "2048x1366",
  "pixels": 2797568,
  "file_size_bytes": 526367,
  "bpp": 1.505,
  "correlations": {
    "R_G": 0.010089,
    "R_B": 0.983989,
    "G_B": -0.132951,
    "avg_abs_r": 0.3757
  },
  "PC1_pct": 74.22,
  "PC2_pct": 25.58,
  "PC3_pct": 0.2,
  "eigenvalues": {
    "PC1": 1414.3876,
    "PC2": 487.3818,
    "PC3": 3.8102
  },
  "condition_number": 371.21,
  "theta2": 54.63,
  "theta3": 41.97,
  "loo_dev": -10.51,
  "spatial_autocorrelation_avg": 0.983591,
  "sha256": "6b6bbf792265aa6b1c86257b0d502508ca4101f6fed14308a5505158ae70d532"
}
