{
  "source_file": "KODIM06_RED_SPDR_Q75_FB2.jpg",
  "format": "JPEG",
  "resolution": "2048x1366",
  "pixels": 2797568,
  "file_size_bytes": 529324,
  "bpp": 1.514,
  "correlations": {
    "R_G": 0.138915,
    "R_B": 0.107868,
    "G_B": 0.95385,
    "avg_abs_r": 0.4002
  },
  "PC1_pct": 92.36,
  "PC2_pct": 5.54,
  "PC3_pct": 2.1,
  "eigenvalues": {
    "PC1": 4674.2804,
    "PC2": 280.5677,
    "PC3": 106.2857
  },
  "condition_number": 43.98,
  "theta2": 68.31,
  "theta3": 66.45,
  "loo_dev": 0.24,
  "spatial_autocorrelation_avg": 0.988407,
  "sha256": "5412abc81cc1fcf9351d71d3f2e0521b7d93f587c0acb393dec2ed78afe334c0"
}
