{
  "source_file": "KODIM06_BLU_SPDR_Q75_FB2.jpg",
  "format": "JPEG",
  "resolution": "2048x1366",
  "pixels": 2797568,
  "file_size_bytes": 590558,
  "bpp": 1.689,
  "correlations": {
    "R_G": 0.96201,
    "R_B": -0.1437,
    "G_B": -0.281292,
    "avg_abs_r": 0.4623
  },
  "PC1_pct": 66.05,
  "PC2_pct": 33.09,
  "PC3_pct": 0.86,
  "eigenvalues": {
    "PC1": 9102.9935,
    "PC2": 4560.0074,
    "PC3": 118.6824
  },
  "condition_number": 76.7,
  "theta2": 52.0,
  "theta3": 11.0,
  "loo_dev": -38.84,
  "spatial_autocorrelation_avg": 0.993512,
  "sha256": "59fffefb71ca87dc63e6419da4e02e6bb15798ac262e42f1425bb49c29fcbf21"
}
