{
  "source_file": "KODIM21_OG_PNG_Q90_FB2.jpg",
  "format": "JPEG",
  "resolution": "768x512",
  "pixels": 393216,
  "file_size_bytes": 137532,
  "bpp": 2.798,
  "correlations": {
    "R_G": 0.895945,
    "R_B": 0.666245,
    "G_B": 0.915469,
    "avg_abs_r": 0.8259
  },
  "PC1_pct": 88.73,
  "PC2_pct": 10.97,
  "PC3_pct": 0.31,
  "eigenvalues": {
    "PC1": 5353.9346,
    "PC2": 661.6712,
    "PC3": 18.5334
  },
  "condition_number": 288.88,
  "theta2": 39.88,
  "theta3": 38.0,
  "loo_dev": 0.33,
  "spatial_autocorrelation_avg": 0.928777,
  "sha256": "477fe0e505b4e3abea19863af14d18a8ce3b6986d2ddd5e675c4ffd6f402d147"
}
