{
  "source_file": "KODIM17_OG_PNG_Q90_FB2.jpg",
  "format": "JPEG",
  "resolution": "512x768",
  "pixels": 393216,
  "file_size_bytes": 117619,
  "bpp": 2.393,
  "correlations": {
    "R_G": 0.985191,
    "R_B": 0.933952,
    "G_B": 0.977632,
    "avg_abs_r": 0.9656
  },
  "PC1_pct": 97.79,
  "PC2_pct": 2.13,
  "PC3_pct": 0.08,
  "eigenvalues": {
    "PC1": 6856.5958,
    "PC2": 149.6269,
    "PC3": 5.5471
  },
  "condition_number": 1236.07,
  "theta2": 36.12,
  "theta3": 34.26,
  "loo_dev": 0.37,
  "spatial_autocorrelation_avg": 0.970806,
  "sha256": "20a46fe169b66374c2ec90fe8403db10d7cdcd7522a008c961477256fdcaa163"
}
