{
  "source_file": "KODIM02_OG_PNG_Q90_FB2.jpg",
  "format": "JPEG",
  "resolution": "768x512",
  "pixels": 393216,
  "file_size_bytes": 126413,
  "bpp": 2.572,
  "correlations": {
    "R_G": 0.526291,
    "R_B": 0.405498,
    "G_B": 0.971936,
    "avg_abs_r": 0.6346
  },
  "PC1_pct": 73.27,
  "PC2_pct": 26.23,
  "PC3_pct": 0.5,
  "eigenvalues": {
    "PC1": 1238.6332,
    "PC2": 443.459,
    "PC3": 8.4823
  },
  "condition_number": 146.02,
  "theta2": 66.17,
  "theta3": 63.98,
  "loo_dev": -0.08,
  "spatial_autocorrelation_avg": 0.90427,
  "sha256": "9752f85615d0b7c5605e7eb09c553f80405de896de4ca05f3c5c58e1cbba1e8d"
}
