{
  "source_file": "KODIM11_OG_PNG_Q90_FB2.jpg",
  "format": "JPEG",
  "resolution": "768x512",
  "pixels": 393216,
  "file_size_bytes": 138798,
  "bpp": 2.824,
  "correlations": {
    "R_G": 0.82383,
    "R_B": 0.791886,
    "G_B": 0.974384,
    "avg_abs_r": 0.8634
  },
  "PC1_pct": 91.61,
  "PC2_pct": 7.54,
  "PC3_pct": 0.85,
  "eigenvalues": {
    "PC1": 5035.1355,
    "PC2": 414.6254,
    "PC3": 46.7843
  },
  "condition_number": 107.62,
  "theta2": 66.18,
  "theta3": 64.34,
  "loo_dev": 0.27,
  "spatial_autocorrelation_avg": 0.935128,
  "sha256": "15ed263ac0bc4bf66c14901406d842ace18e6f9ecf457f87509aed640367e501"
}
