{
  "source_file": "KODIM22_OG_PNG_Q90_FB2.jpg",
  "format": "JPEG",
  "resolution": "768x512",
  "pixels": 393216,
  "file_size_bytes": 148566,
  "bpp": 3.023,
  "correlations": {
    "R_G": 0.871895,
    "R_B": 0.802269,
    "G_B": 0.875405,
    "avg_abs_r": 0.8499
  },
  "PC1_pct": 89.83,
  "PC2_pct": 7.02,
  "PC3_pct": 3.15,
  "eigenvalues": {
    "PC1": 5220.6769,
    "PC2": 407.9702,
    "PC3": 182.9767
  },
  "condition_number": 28.53,
  "theta2": 39.64,
  "theta3": 37.7,
  "loo_dev": 0.27,
  "spatial_autocorrelation_avg": 0.953516,
  "sha256": "984f785cb0f7cb451abf2f3f2a19a5f89bae5a551f3c95f9b3b8709dbd5be218"
}
