{
  "source_file": "KODIM24_OG_PNG_Q90_FB2.jpg",
  "format": "JPEG",
  "resolution": "768x512",
  "pixels": 393216,
  "file_size_bytes": 163710,
  "bpp": 3.331,
  "correlations": {
    "R_G": 0.976062,
    "R_B": 0.939453,
    "G_B": 0.964647,
    "avg_abs_r": 0.9601
  },
  "PC1_pct": 97.36,
  "PC2_pct": 2.02,
  "PC3_pct": 0.62,
  "eigenvalues": {
    "PC1": 8355.4346,
    "PC2": 173.205,
    "PC3": 53.0254
  },
  "condition_number": 157.57,
  "theta2": 31.61,
  "theta3": 29.7,
  "loo_dev": 0.34,
  "spatial_autocorrelation_avg": 0.928503,
  "sha256": "1e28f21b6ee8798995102f340b5c0a80aaa27c4fe7035199726a222920da331a"
}
