{
  "source_file": "KODIM09_OG_PNG_Q90_FB2.jpg",
  "format": "JPEG",
  "resolution": "512x768",
  "pixels": 393216,
  "file_size_bytes": 102865,
  "bpp": 2.093,
  "correlations": {
    "R_G": 0.948568,
    "R_B": 0.732958,
    "G_B": 0.855699,
    "avg_abs_r": 0.8457
  },
  "PC1_pct": 90.83,
  "PC2_pct": 8.19,
  "PC3_pct": 0.98,
  "eigenvalues": {
    "PC1": 3930.8698,
    "PC2": 354.4549,
    "PC3": 42.5634
  },
  "condition_number": 92.35,
  "theta2": 32.56,
  "theta3": 29.81,
  "loo_dev": -0.51,
  "spatial_autocorrelation_avg": 0.952807,
  "sha256": "bf65b67504af369b2ba5a631be36d53e5bdca605ecdf0ad594cb16110d813d4d"
}
