{
  "source_file": "KODIM04_RED_SPDR_Q90_FB2.jpg",
  "format": "JPEG",
  "resolution": "1366x2048",
  "pixels": 2797568,
  "file_size_bytes": 407896,
  "bpp": 1.166,
  "correlations": {
    "R_G": 0.157302,
    "R_B": 0.055816,
    "G_B": 0.9718,
    "avg_abs_r": 0.395
  },
  "PC1_pct": 87.43,
  "PC2_pct": 11.59,
  "PC3_pct": 0.98,
  "eigenvalues": {
    "PC1": 1999.6006,
    "PC2": 264.9709,
    "PC3": 22.4271
  },
  "condition_number": 89.16,
  "theta2": 65.1,
  "theta3": 59.32,
  "loo_dev": -3.67,
  "spatial_autocorrelation_avg": 0.987024,
  "sha256": "93b73905a1557a19a11a9b7b8ae36d752a305e4ff0a17c42b53cf6fd521c3865"
}
