{
  "source_file": "KODIM17_BLU_SPDR_Q90_FB2.jpg",
  "format": "JPEG",
  "resolution": "1366x2048",
  "pixels": 2797568,
  "file_size_bytes": 364718,
  "bpp": 1.043,
  "correlations": {
    "R_G": 0.970047,
    "R_B": -0.198459,
    "G_B": -0.128982,
    "avg_abs_r": 0.4325
  },
  "PC1_pct": 72.79,
  "PC2_pct": 26.82,
  "PC3_pct": 0.39,
  "eigenvalues": {
    "PC1": 4894.9099,
    "PC2": 1803.6444,
    "PC3": 26.1071
  },
  "condition_number": 187.49,
  "theta2": 65.26,
  "theta3": 11.26,
  "loo_dev": -51.89,
  "spatial_autocorrelation_avg": 0.995193,
  "sha256": "b4d76eb5f892b92adf58c936b650a2f8a74f1a8ad7e5a94e2d70f9fd578a3378"
}
