{
  "source_file": "KODIM24_GRN_SPDR_Q90_FB2.jpg",
  "format": "JPEG",
  "resolution": "2048x1366",
  "pixels": 2797568,
  "file_size_bytes": 585396,
  "bpp": 1.674,
  "correlations": {
    "R_G": 0.258641,
    "R_B": 0.993987,
    "G_B": 0.262842,
    "avg_abs_r": 0.5052
  },
  "PC1_pct": 82.07,
  "PC2_pct": 17.68,
  "PC3_pct": 0.24,
  "eigenvalues": {
    "PC1": 7781.3801,
    "PC2": 1676.5971,
    "PC3": 22.9188
  },
  "condition_number": 339.52,
  "theta2": 54.28,
  "theta3": 51.0,
  "loo_dev": -1.13,
  "spatial_autocorrelation_avg": 0.991666,
  "sha256": "16187f0424c285aca9faf46ec712897ceb85b436600c255b02b4189b6960b001"
}
