{
  "source_file": "KODIM14_BLU_SPDR_Q90_FB2.jpg",
  "format": "JPEG",
  "resolution": "2048x1366",
  "pixels": 2797568,
  "file_size_bytes": 520102,
  "bpp": 1.487,
  "correlations": {
    "R_G": 0.925762,
    "R_B": -0.074954,
    "G_B": 0.151403,
    "avg_abs_r": 0.384
  },
  "PC1_pct": 93.24,
  "PC2_pct": 5.37,
  "PC3_pct": 1.39,
  "eigenvalues": {
    "PC1": 4126.2623,
    "PC2": 237.8496,
    "PC3": 61.5125
  },
  "condition_number": 67.08,
  "theta2": 67.42,
  "theta3": 54.36,
  "loo_dev": -10.96,
  "spatial_autocorrelation_avg": 0.986526,
  "sha256": "e21b93fbe43ec0b2fa699643c79990044ff0d2d7385d1237e3a1ac72014cbc97"
}
