{
  "source_file": "KODIM05_BLU_SPDR_Q90_FB2.jpg",
  "format": "JPEG",
  "resolution": "2048x1366",
  "pixels": 2797568,
  "file_size_bytes": 602720,
  "bpp": 1.724,
  "correlations": {
    "R_G": 0.93416,
    "R_B": 0.046446,
    "G_B": 0.106182,
    "avg_abs_r": 0.3623
  },
  "PC1_pct": 94.54,
  "PC2_pct": 3.26,
  "PC3_pct": 2.2,
  "eigenvalues": {
    "PC1": 4034.3532,
    "PC2": 139.2747,
    "PC3": 93.6991
  },
  "condition_number": 43.06,
  "theta2": 80.01,
  "theta3": 68.46,
  "loo_dev": -9.5,
  "spatial_autocorrelation_avg": 0.968467,
  "sha256": "368fc3add491a96b117013d58d04f21f24067ec54b1333a28ee7d0d7e4510b64"
}
