{
  "source_file": "KODIM23_RED_SPDR_Q90_FB2.jpg",
  "format": "JPEG",
  "resolution": "2048x1366",
  "pixels": 2797568,
  "file_size_bytes": 370815,
  "bpp": 1.06,
  "correlations": {
    "R_G": -0.038337,
    "R_B": -0.219956,
    "G_B": 0.905684,
    "avg_abs_r": 0.388
  },
  "PC1_pct": 75.02,
  "PC2_pct": 22.2,
  "PC3_pct": 2.78,
  "eigenvalues": {
    "PC1": 5267.1593,
    "PC2": 1558.6952,
    "PC3": 195.0347
  },
  "condition_number": 27.01,
  "theta2": 66.48,
  "theta3": 56.26,
  "loo_dev": -8.11,
  "spatial_autocorrelation_avg": 0.996331,
  "sha256": "b4bebf1b278fdddaa9675774849933fd43509a3169566bcb782e27876b21b8c2"
}
