{
  "source_file": "KODIM16_GRN_SPDR_Q90_FB2.jpg",
  "format": "JPEG",
  "resolution": "2048x1366",
  "pixels": 2797568,
  "file_size_bytes": 498932,
  "bpp": 1.427,
  "correlations": {
    "R_G": 0.111686,
    "R_B": 0.9498,
    "G_B": 0.07444,
    "avg_abs_r": 0.3786
  },
  "PC1_pct": 78.63,
  "PC2_pct": 19.38,
  "PC3_pct": 1.99,
  "eigenvalues": {
    "PC1": 7913.739,
    "PC2": 1950.6623,
    "PC3": 199.8997
  },
  "condition_number": 39.59,
  "theta2": 54.19,
  "theta3": 49.69,
  "loo_dev": -2.34,
  "spatial_autocorrelation_avg": 0.996823,
  "sha256": "94f5de1b8e34406e87b4938084ba2f66a66c6472f27e0001055f0c0d6fdb190e"
}
