{
  "source_file": "KODIM21_GRN_SPDR_Q90_FB2.jpg",
  "format": "JPEG",
  "resolution": "2048x1366",
  "pixels": 2797568,
  "file_size_bytes": 564061,
  "bpp": 1.613,
  "correlations": {
    "R_G": 0.130886,
    "R_B": 0.919764,
    "G_B": 0.17915,
    "avg_abs_r": 0.4099
  },
  "PC1_pct": 70.96,
  "PC2_pct": 26.28,
  "PC3_pct": 2.75,
  "eigenvalues": {
    "PC1": 3912.6099,
    "PC2": 1449.0108,
    "PC3": 151.8639
  },
  "condition_number": 25.76,
  "theta2": 55.43,
  "theta3": 50.16,
  "loo_dev": -3.12,
  "spatial_autocorrelation_avg": 0.992818,
  "sha256": "a7ee9ca1dc24ab0dce88932fda424e550d95df3c9c196f08be78a8b4972abab5"
}
