{
  "source_file": "KODIM07_BLU_SPDR_Q90_FB2.jpg",
  "format": "JPEG",
  "resolution": "2048x1366",
  "pixels": 2797568,
  "file_size_bytes": 337268,
  "bpp": 0.964,
  "correlations": {
    "R_G": 0.966596,
    "R_B": -0.04973,
    "G_B": 0.082134,
    "avg_abs_r": 0.3662
  },
  "PC1_pct": 96.33,
  "PC2_pct": 2.8,
  "PC3_pct": 0.88,
  "eigenvalues": {
    "PC1": 4747.0201,
    "PC2": 137.817,
    "PC3": 43.2106
  },
  "condition_number": 109.86,
  "theta2": 56.3,
  "theta3": 44.7,
  "loo_dev": -9.45,
  "spatial_autocorrelation_avg": 0.981579,
  "sha256": "24afd093a09cf2dedf0d1662ff47d184ba58cac2e290465babf3efd3f6539386"
}
