{
  "source_file": "KODIM12_BLU_SPDR_Q90_FB2.jpg",
  "format": "JPEG",
  "resolution": "2048x1366",
  "pixels": 2797568,
  "file_size_bytes": 338705,
  "bpp": 0.969,
  "correlations": {
    "R_G": 0.92174,
    "R_B": -0.173041,
    "G_B": -0.102614,
    "avg_abs_r": 0.3991
  },
  "PC1_pct": 88.38,
  "PC2_pct": 8.61,
  "PC3_pct": 3.01,
  "eigenvalues": {
    "PC1": 2256.5054,
    "PC2": 219.7832,
    "PC3": 76.9625
  },
  "condition_number": 29.32,
  "theta2": 44.06,
  "theta3": 22.15,
  "loo_dev": -19.71,
  "spatial_autocorrelation_avg": 0.992658,
  "sha256": "18f6c41620379db674c28ff9372e8157c60e1aa8ffd4d561546ffd765b183062"
}
