{
  "source_file": "KODIM21_RED_SPDR_Q90_FB2.jpg",
  "format": "JPEG",
  "resolution": "2048x1366",
  "pixels": 2797568,
  "file_size_bytes": 514938,
  "bpp": 1.473,
  "correlations": {
    "R_G": 0.130897,
    "R_B": 0.149625,
    "G_B": 0.974249,
    "avg_abs_r": 0.4183
  },
  "PC1_pct": 87.01,
  "PC2_pct": 11.87,
  "PC3_pct": 1.12,
  "eigenvalues": {
    "PC1": 4862.4312,
    "PC2": 663.1274,
    "PC3": 62.6226
  },
  "condition_number": 77.65,
  "theta2": 75.09,
  "theta3": 69.33,
  "loo_dev": -3.69,
  "spatial_autocorrelation_avg": 0.988345,
  "sha256": "0e7e70a7308b3d8e67aa294c77af80236c783e1e83ea970c59972ab9ff8fba3f"
}
