{
  "source_file": "KODIM19_BLU_SPDR_Q90_FB2.jpg",
  "format": "JPEG",
  "resolution": "1366x2048",
  "pixels": 2797568,
  "file_size_bytes": 533056,
  "bpp": 1.524,
  "correlations": {
    "R_G": 0.98151,
    "R_B": -0.057715,
    "G_B": -0.127061,
    "avg_abs_r": 0.3888
  },
  "PC1_pct": 67.28,
  "PC2_pct": 32.18,
  "PC3_pct": 0.54,
  "eigenvalues": {
    "PC1": 8656.738,
    "PC2": 4141.2099,
    "PC3": 69.3747
  },
  "condition_number": 124.78,
  "theta2": 42.91,
  "theta3": 6.0,
  "loo_dev": -34.71,
  "spatial_autocorrelation_avg": 0.992329,
  "sha256": "d0448ba113ea474d8dd7d8036786ee16b53980e6e33879225935602dddbbb4d3"
}
