{
  "source_file": "KODIM08_GRN_SPDR_Q90_FB2.jpg",
  "format": "JPEG",
  "resolution": "2048x1366",
  "pixels": 2797568,
  "file_size_bytes": 693657,
  "bpp": 1.984,
  "correlations": {
    "R_G": 0.166258,
    "R_B": 0.943158,
    "G_B": 0.171828,
    "avg_abs_r": 0.4271
  },
  "PC1_pct": 61.05,
  "PC2_pct": 37.77,
  "PC3_pct": 1.17,
  "eigenvalues": {
    "PC1": 2815.7641,
    "PC2": 1742.1252,
    "PC3": 54.056
  },
  "condition_number": 52.09,
  "theta2": 52.08,
  "theta3": 48.56,
  "loo_dev": -1.36,
  "spatial_autocorrelation_avg": 0.957458,
  "sha256": "a4e36ee97571c0195b32dde4ac4db929f915fd8ef0582f7bf2ed872ab6f6451e"
}
