{
  "source_file": "KODIM18_GRN_SPDR_Q90_FB2.jpg",
  "format": "JPEG",
  "resolution": "1366x2048",
  "pixels": 2797568,
  "file_size_bytes": 610340,
  "bpp": 1.745,
  "correlations": {
    "R_G": 0.256244,
    "R_B": 0.975112,
    "G_B": 0.274675,
    "avg_abs_r": 0.502
  },
  "PC1_pct": 87.06,
  "PC2_pct": 12.77,
  "PC3_pct": 0.17,
  "eigenvalues": {
    "PC1": 1757.3368,
    "PC2": 257.7142,
    "PC3": 3.4768
  },
  "condition_number": 505.44,
  "theta2": 61.29,
  "theta3": 49.72,
  "loo_dev": -9.44,
  "spatial_autocorrelation_avg": 0.945858,
  "sha256": "2f54ba1cb446b30a7cae6f5138010a24e52d5eee2b049c1159fe6db20db8f4f2"
}
