{
  "source_file": "KODIM11_RED_SPDR_Q90_FB2.jpg",
  "format": "JPEG",
  "resolution": "2048x1366",
  "pixels": 2797568,
  "file_size_bytes": 521743,
  "bpp": 1.492,
  "correlations": {
    "R_G": 0.050226,
    "R_B": -0.083617,
    "G_B": 0.937934,
    "avg_abs_r": 0.3573
  },
  "PC1_pct": 94.64,
  "PC2_pct": 3.7,
  "PC3_pct": 1.66,
  "eigenvalues": {
    "PC1": 6232.7277,
    "PC2": 243.6714,
    "PC3": 109.335
  },
  "condition_number": 57.01,
  "theta2": 31.55,
  "theta3": 31.03,
  "loo_dev": 1.73,
  "spatial_autocorrelation_avg": 0.990102,
  "sha256": "8aedc4ba45c344d794afcd994aa496d0904d87cf09b42fdba2f8f6963dc35cae"
}
