{
  "source_file": "KODIM18_RED_SPDR_Q90_FB2.jpg",
  "format": "JPEG",
  "resolution": "1366x2048",
  "pixels": 2797568,
  "file_size_bytes": 664949,
  "bpp": 1.902,
  "correlations": {
    "R_G": 0.120964,
    "R_B": 0.175322,
    "G_B": 0.984372,
    "avg_abs_r": 0.4269
  },
  "PC1_pct": 95.62,
  "PC2_pct": 3.73,
  "PC3_pct": 0.65,
  "eigenvalues": {
    "PC1": 4190.4678,
    "PC2": 163.6005,
    "PC3": 28.5728
  },
  "condition_number": 146.66,
  "theta2": 83.69,
  "theta3": 78.93,
  "loo_dev": -2.72,
  "spatial_autocorrelation_avg": 0.971802,
  "sha256": "00729c52e9bbf5638007813a7256615b541746a786933b5efce65449b4b6a902"
}
