{
  "source_file": "KODIM15_BLU_SPDR_Q90_FB2.jpg",
  "format": "JPEG",
  "resolution": "2048x1366",
  "pixels": 2797568,
  "file_size_bytes": 453496,
  "bpp": 1.297,
  "correlations": {
    "R_G": 0.938838,
    "R_B": 0.238334,
    "G_B": 0.094224,
    "avg_abs_r": 0.4238
  },
  "PC1_pct": 91.17,
  "PC2_pct": 6.8,
  "PC3_pct": 2.03,
  "eigenvalues": {
    "PC1": 12456.3639,
    "PC2": 929.5286,
    "PC3": 276.9826
  },
  "condition_number": 44.97,
  "theta2": 35.83,
  "theta3": 16.2,
  "loo_dev": -17.4,
  "spatial_autocorrelation_avg": 0.995584,
  "sha256": "6673c1095ca72b48d7d0c283aa63ae90c913e94d9dc7a5b10f4003a8285f8b95"
}
