{
  "source_file": "KODIM22_BLU_SPDR_Q90_FB2.jpg",
  "format": "JPEG",
  "resolution": "2048x1366",
  "pixels": 2797568,
  "file_size_bytes": 235807,
  "bpp": 0.674,
  "correlations": {
    "R_G": 0.951992,
    "R_B": 0.04158,
    "G_B": 0.028073,
    "avg_abs_r": 0.3405
  },
  "PC1_pct": 86.92,
  "PC2_pct": 11.05,
  "PC3_pct": 2.03,
  "eigenvalues": {
    "PC1": 1948.9667,
    "PC2": 247.6929,
    "PC3": 45.5244
  },
  "condition_number": 42.81,
  "theta2": 35.6,
  "theta3": 5.91,
  "loo_dev": -27.46,
  "spatial_autocorrelation_avg": 0.983024,
  "sha256": "ec02873cc58161d6b0a712c0c88ae96405969338034de126eda988d9f9414a81"
}
