{
  "source_file": "KODIM05_GRN_SPDR_Q90_FB2.jpg",
  "format": "JPEG",
  "resolution": "2048x1366",
  "pixels": 2797568,
  "file_size_bytes": 550689,
  "bpp": 1.575,
  "correlations": {
    "R_G": -0.033523,
    "R_B": 0.941817,
    "G_B": -0.034478,
    "avg_abs_r": 0.3366
  },
  "PC1_pct": 56.66,
  "PC2_pct": 42.14,
  "PC3_pct": 1.21,
  "eigenvalues": {
    "PC1": 2288.9753,
    "PC2": 1702.3462,
    "PC3": 48.6822
  },
  "condition_number": 47.02,
  "theta2": 59.2,
  "theta3": 61.92,
  "loo_dev": 4.86,
  "spatial_autocorrelation_avg": 0.985262,
  "sha256": "972cf2a778cf1f5b37d935da97b18dd9cb030757cb140d9bd62f5e277deb1fd2"
}
