{
  "source_file": "KODIM11_GRN_SPDR_Q90_FB2.jpg",
  "format": "JPEG",
  "resolution": "2048x1366",
  "pixels": 2797568,
  "file_size_bytes": 451143,
  "bpp": 1.29,
  "correlations": {
    "R_G": -0.002996,
    "R_B": 0.950828,
    "G_B": -0.042546,
    "avg_abs_r": 0.3321
  },
  "PC1_pct": 68.53,
  "PC2_pct": 30.72,
  "PC3_pct": 0.75,
  "eigenvalues": {
    "PC1": 1210.6027,
    "PC2": 542.7075,
    "PC3": 13.2372
  },
  "condition_number": 91.45,
  "theta2": 71.95,
  "theta3": 53.02,
  "loo_dev": -16.85,
  "spatial_autocorrelation_avg": 0.988262,
  "sha256": "afea639285ee876ea0373bef48d924e517157bf41f2413c218f3454db46e375c"
}
