{
  "source_file": "KODIM01_BLU_SPDR_Q90_FB2.jpg",
  "format": "JPEG",
  "resolution": "2048x1366",
  "pixels": 2797568,
  "file_size_bytes": 392067,
  "bpp": 1.121,
  "correlations": {
    "R_G": 0.951639,
    "R_B": -0.028616,
    "G_B": -0.062651,
    "avg_abs_r": 0.3476
  },
  "PC1_pct": 51.99,
  "PC2_pct": 46.81,
  "PC3_pct": 1.19,
  "eigenvalues": {
    "PC1": 1384.8598,
    "PC2": 1246.8989,
    "PC3": 31.7382
  },
  "condition_number": 43.63,
  "theta2": 61.97,
  "theta3": 12.74,
  "loo_dev": -47.11,
  "spatial_autocorrelation_avg": 0.988286,
  "sha256": "276bc69619ee4e4857ddc7034b4f35eea183f60c8a673b42c9ea585804ed8c4f"
}
