{
  "source_file": "KODIM19_GRN_SPDR_Q90_FB2.jpg",
  "format": "JPEG",
  "resolution": "1366x2048",
  "pixels": 2797568,
  "file_size_bytes": 576893,
  "bpp": 1.65,
  "correlations": {
    "R_G": 0.067452,
    "R_B": 0.917997,
    "G_B": 0.138939,
    "avg_abs_r": 0.3748
  },
  "PC1_pct": 74.97,
  "PC2_pct": 22.05,
  "PC3_pct": 2.97,
  "eigenvalues": {
    "PC1": 7707.5527,
    "PC2": 2266.9362,
    "PC3": 305.7428
  },
  "condition_number": 25.21,
  "theta2": 59.17,
  "theta3": 52.12,
  "loo_dev": -4.91,
  "spatial_autocorrelation_avg": 0.996046,
  "sha256": "19595b24114de3a3a63585e70a43253cfc1f849f7e85da81ddd0f661a2a7e6fe"
}
