{
  "source_file": "KODIM23_BLU_SPDR_Q90_FB2.jpg",
  "format": "JPEG",
  "resolution": "2048x1366",
  "pixels": 2797568,
  "file_size_bytes": 356280,
  "bpp": 1.019,
  "correlations": {
    "R_G": 0.938243,
    "R_B": 0.211808,
    "G_B": 0.190472,
    "avg_abs_r": 0.4468
  },
  "PC1_pct": 91.28,
  "PC2_pct": 5.86,
  "PC3_pct": 2.86,
  "eigenvalues": {
    "PC1": 5062.8969,
    "PC2": 325.0139,
    "PC3": 158.3704
  },
  "condition_number": 31.97,
  "theta2": 32.09,
  "theta3": 7.9,
  "loo_dev": -21.95,
  "spatial_autocorrelation_avg": 0.994516,
  "sha256": "761c0570332d51441fd9f962ca7d2c9c26331b933506620275f7709284ffb571"
}
