{
  "source_file": "KODIM23_GRN_SPDR_Q90_FB2.jpg",
  "format": "JPEG",
  "resolution": "2048x1366",
  "pixels": 2797568,
  "file_size_bytes": 303843,
  "bpp": 0.869,
  "correlations": {
    "R_G": 0.083516,
    "R_B": 0.912827,
    "G_B": 0.180187,
    "avg_abs_r": 0.3922
  },
  "PC1_pct": 66.64,
  "PC2_pct": 31.95,
  "PC3_pct": 1.4,
  "eigenvalues": {
    "PC1": 2107.7784,
    "PC2": 1010.5725,
    "PC3": 44.3718
  },
  "condition_number": 47.5,
  "theta2": 65.76,
  "theta3": 55.14,
  "loo_dev": -8.51,
  "spatial_autocorrelation_avg": 0.99366,
  "sha256": "561489bb1f1c3e4fd2e47d8d67e90dbebc724b45919ca00253883f7c2268747a"
}
