{
  "source_file": "KODIM02_GRN_SPDR_Q90_FB2.jpg",
  "format": "JPEG",
  "resolution": "2048x1366",
  "pixels": 2797568,
  "file_size_bytes": 530292,
  "bpp": 1.516,
  "correlations": {
    "R_G": 0.008292,
    "R_B": 0.984956,
    "G_B": -0.13418,
    "avg_abs_r": 0.3758
  },
  "PC1_pct": 74.22,
  "PC2_pct": 25.61,
  "PC3_pct": 0.17,
  "eigenvalues": {
    "PC1": 1418.208,
    "PC2": 489.4613,
    "PC3": 3.2296
  },
  "condition_number": 439.13,
  "theta2": 54.71,
  "theta3": 42.02,
  "loo_dev": -10.54,
  "spatial_autocorrelation_avg": 0.983379,
  "sha256": "59cafb2b4a82d7727aff662ac8c69d8df9554e3416274cc5ee856f11191a34c2"
}
