{
  "source_file": "KODIM08_RED_SPDR_Q90_FB2.jpg",
  "format": "JPEG",
  "resolution": "2048x1366",
  "pixels": 2797568,
  "file_size_bytes": 692326,
  "bpp": 1.98,
  "correlations": {
    "R_G": 0.280769,
    "R_B": 0.260594,
    "G_B": 0.918651,
    "avg_abs_r": 0.4867
  },
  "PC1_pct": 84.44,
  "PC2_pct": 12.08,
  "PC3_pct": 3.48,
  "eigenvalues": {
    "PC1": 6182.487,
    "PC2": 884.4153,
    "PC3": 254.5513
  },
  "condition_number": 24.29,
  "theta2": 71.39,
  "theta3": 68.9,
  "loo_dev": -0.4,
  "spatial_autocorrelation_avg": 0.97308,
  "sha256": "f7147725716f615d9130d105d69fb2a6edf395f0470f3afb274d1648d215ab8d"
}
